-- MySQL dump 10.13  Distrib 8.0.21, for Linux (x86_64)
--
-- Host: localhost    Database: geekbrains
-- ------------------------------------------------------
-- Server version	8.0.21-0ubuntu0.20.04.4

/*!40101 SET @OLD_CHARACTER_SET_CLIENT=@@CHARACTER_SET_CLIENT */;
/*!40101 SET @OLD_CHARACTER_SET_RESULTS=@@CHARACTER_SET_RESULTS */;
/*!40101 SET @OLD_COLLATION_CONNECTION=@@COLLATION_CONNECTION */;
/*!50503 SET NAMES utf8mb4 */;
/*!40103 SET @OLD_TIME_ZONE=@@TIME_ZONE */;
/*!40103 SET TIME_ZONE='+00:00' */;
/*!40014 SET @OLD_UNIQUE_CHECKS=@@UNIQUE_CHECKS, UNIQUE_CHECKS=0 */;
/*!40014 SET @OLD_FOREIGN_KEY_CHECKS=@@FOREIGN_KEY_CHECKS, FOREIGN_KEY_CHECKS=0 */;
/*!40101 SET @OLD_SQL_MODE=@@SQL_MODE, SQL_MODE='NO_AUTO_VALUE_ON_ZERO' */;
/*!40111 SET @OLD_SQL_NOTES=@@SQL_NOTES, SQL_NOTES=0 */;

--
-- Table structure for table `blog`
--

DROP TABLE IF EXISTS `blog`;
/*!40101 SET @saved_cs_client     = @@character_set_client */;
/*!50503 SET character_set_client = utf8mb4 */;
CREATE TABLE `blog` (
  `id` int unsigned NOT NULL AUTO_INCREMENT,
  `user_id` int unsigned NOT NULL,
  `title` varchar(70) CHARACTER SET utf8 COLLATE utf8_unicode_ci DEFAULT NULL,
  `body` text CHARACTER SET utf8 COLLATE utf8_unicode_ci NOT NULL,
  `created_at` datetime DEFAULT CURRENT_TIMESTAMP,
  `updated_at` datetime DEFAULT CURRENT_TIMESTAMP ON UPDATE CURRENT_TIMESTAMP,
  PRIMARY KEY (`id`),
  KEY `blog_user_id_fk` (`user_id`),
  CONSTRAINT `blog_user_id_fk` FOREIGN KEY (`user_id`) REFERENCES `users` (`id`) ON DELETE CASCADE
) ENGINE=InnoDB AUTO_INCREMENT=101 DEFAULT CHARSET=utf8 COLLATE=utf8_unicode_ci;
/*!40101 SET character_set_client = @saved_cs_client */;

--
-- Dumping data for table `blog`
--

LOCK TABLES `blog` WRITE;
/*!40000 ALTER TABLE `blog` DISABLE KEYS */;
INSERT INTO `blog` VALUES (1,78,'Dolor et consequatur ut porro ab iure.','Nulla sint est quo aliquid. Enim quibusdam quas dolor et explicabo. Non non odio impedit voluptatem. Voluptates aliquam odio voluptatem quidem facilis nihil excepturi. Ut perferendis cumque distinctio quae dignissimos.','2011-05-01 08:37:25','2020-10-01 19:26:21'),(2,15,'Enim dolores consequuntur quis modi rerum.','Laboriosam eum esse velit ducimus nihil occaecati. Adipisci sunt vel corporis fuga totam distinctio. Quia veniam nihil dolore soluta nobis. Fugit vitae molestias aliquid quis.','2015-02-01 05:39:59','2020-10-01 19:26:21'),(3,41,'Veniam nihil voluptates non dolore.','Inventore ipsam veritatis et libero et sunt. Ducimus eligendi consectetur veniam sapiente expedita adipisci voluptates. Vero est ut sit nulla quia dolor velit ex.','2011-01-20 06:59:41','2020-10-01 19:26:21'),(4,59,'Omnis ut nihil autem et repellendus veniam excepturi.','Animi nobis et sequi sed molestiae ea natus. Sed pariatur sequi velit vel accusamus. Ut ea quasi cumque error perferendis totam.','2019-09-10 20:10:56','2020-10-01 19:26:21'),(5,70,'Dolore laborum deserunt sint assumenda aliquam assumenda saepe impedit','Harum blanditiis sed minima corrupti alias tenetur. Ipsum corporis qui et in atque consequatur. Id aperiam perferendis eaque necessitatibus esse dolor eaque. Iure dolorem minus fugiat praesentium culpa et eveniet.','2011-06-08 10:26:53','2020-10-01 19:26:21'),(6,73,'Vel ut ut eum autem dolorem minima nihil.','Vel aut et non qui est sint saepe. Sit autem qui dolor libero. Excepturi sit magnam culpa rerum alias numquam modi.','2012-12-29 13:34:02','2020-10-01 19:26:21'),(7,55,'Saepe dolores et eligendi aut quod ipsam voluptates.','Qui est repudiandae sit voluptatibus provident dolorum et deleniti. Rem laborum sapiente soluta ut explicabo recusandae. Velit perspiciatis omnis repellat aut repudiandae vel nihil sint. Vel occaecati et aut.','2012-09-19 21:25:54','2020-10-01 19:26:21'),(8,54,'Eveniet architecto quas doloribus aut.','Repudiandae est odit qui et rerum. Eligendi quis magni distinctio velit corporis minus eligendi. Ea fugiat esse ratione vero in quia.','2019-02-18 13:35:25','2020-10-01 19:26:21'),(9,7,'Earum cumque perspiciatis omnis dolor.','Sunt vitae dolorem nobis distinctio. Est praesentium rerum at reprehenderit qui. Inventore vel magni reprehenderit at. Voluptas blanditiis eaque qui rem illum et ut. Quia earum occaecati fuga ipsa vel totam expedita.','2012-03-13 01:32:10','2020-10-01 19:26:21'),(10,73,'Cupiditate aut aut expedita commodi in ut.','Fuga iste optio sint deserunt et sit. Rem qui quis enim excepturi natus. Quo consequatur quod quia et voluptatem totam rem. Nesciunt quibusdam fugit ratione provident voluptas optio.','2015-08-24 11:34:15','2020-10-01 19:26:21'),(11,44,'Sint quibusdam vel cumque corrupti quaerat quo sit.','Ut repellat ab sed consequuntur assumenda explicabo. Quibusdam aut accusantium dolorem provident cupiditate distinctio. Enim veniam et eaque et.','2016-01-24 08:16:21','2020-10-01 19:26:21'),(12,100,'Voluptatibus quia dolore ab sed dolores nam.','Odit reiciendis et quis quo officia. Magnam dolores vel consequatur et. Earum reprehenderit ea quas incidunt.','2013-07-14 20:23:22','2020-10-01 19:26:21'),(13,66,'Molestiae eligendi qui quidem dolore sunt.','Eos et enim omnis neque placeat tempore. Voluptas sed eaque dolor est non. Voluptatem facere exercitationem iure sed.','2019-02-12 23:30:21','2020-10-01 19:26:21'),(14,28,'Quidem quia dignissimos adipisci cupiditate totam.','Rerum est veritatis est et. Eos ex quam aliquid voluptatem aut expedita eum sit. Numquam recusandae et consequatur sed doloribus voluptatibus. Quae sint dolorem et at non vitae. Iste neque vitae quo totam.','2018-11-26 09:45:02','2020-10-01 19:26:21'),(15,44,'Dolores autem officiis qui voluptatibus.','Explicabo eum similique maiores recusandae. Quia nihil in similique nihil. Nihil ut nihil deleniti molestiae atque enim in consectetur.','2011-10-02 08:14:26','2020-10-01 19:26:21'),(16,36,'Eius voluptas eaque iusto iusto.','Velit molestiae consectetur reiciendis sit quibusdam. Et recusandae porro non vero quidem aperiam architecto enim. Magni non consequuntur pariatur enim iste sunt velit. Laboriosam odit repellat dolor et molestias nisi provident.','2014-06-12 03:48:02','2020-10-01 19:26:21'),(17,49,'Excepturi vero dolor adipisci consequatur numquam.','Dolor consequatur voluptatem magni sint numquam possimus. Sunt dignissimos voluptas consequatur blanditiis corrupti molestiae iste minima. Nihil aspernatur quasi ea et. Harum numquam velit veniam ea consequatur. Et iure et ad velit veniam quis est.','2012-01-04 22:11:41','2020-10-01 19:26:21'),(18,34,'Vero quo rerum quaerat excepturi quia nulla.','Inventore quae ut et enim dolorum rerum atque. Suscipit ipsam necessitatibus nihil dicta excepturi atque. Saepe temporibus consequatur rerum. Voluptatem sed maiores sint cupiditate.','2014-08-04 11:46:35','2020-10-01 19:26:21'),(19,23,'Dicta labore dolor fugiat deleniti a.','Sunt consequuntur inventore est est qui. Asperiores ut iusto ut porro accusamus. Voluptate voluptas qui temporibus explicabo blanditiis voluptate. Vero quo sunt repudiandae.','2016-02-02 05:05:31','2020-10-01 19:26:21'),(20,14,'Minima aspernatur et et quis consectetur rem.','Voluptate ut tempora et odit. Voluptatem dolorem quod aliquid qui qui. Dolore laborum aliquid culpa iste.','2013-10-05 18:30:33','2020-10-01 19:26:21'),(21,98,'Expedita inventore sit unde quisquam nemo quo fugiat.','Ipsum beatae rerum nulla dolorem rerum architecto. Ea et et velit est distinctio quia numquam quisquam. Hic veniam recusandae iusto eveniet sit aliquid quae.','2020-07-03 08:30:13','2020-10-01 19:26:21'),(22,48,'Quas consequuntur occaecati sed sint et.','Et eligendi beatae qui ea aut sit excepturi. Aspernatur officiis ratione sint voluptas saepe velit aliquid. Dolore ducimus rerum dolorum et velit iusto totam dolore.','2020-07-02 05:31:49','2020-10-01 19:26:21'),(23,44,'Culpa sapiente dolores modi voluptas.','Aut modi omnis fugiat provident consequatur odit alias modi. Dolores nihil sed maiores. Eum ipsam adipisci aut ducimus harum aut. Qui provident natus ea voluptatem ut omnis.','2017-10-26 18:52:22','2020-10-01 19:26:21'),(24,76,'Consequuntur sint minima quis enim non.','Sed voluptas placeat sed. Aut est qui veniam. Vel inventore est rem ipsam. Rerum aut voluptatibus ducimus fuga alias cupiditate. Consequatur vel mollitia fuga est in molestiae quas.','2013-02-23 08:23:37','2020-10-01 19:26:21'),(25,49,'Quia placeat quia quae ut ut dolorem.','Nobis molestias nesciunt asperiores dolore soluta et. Iste recusandae tempore est. Libero eligendi iusto voluptatem id.','2010-11-22 23:07:29','2020-10-01 19:26:21'),(26,14,'Laboriosam voluptas voluptatem numquam voluptas commodi eos ipsa nam.','Labore ea rerum expedita veritatis. Est dicta dicta quos beatae. Facere nisi quo provident omnis saepe.','2019-07-26 02:17:13','2020-10-01 19:26:21'),(27,25,'Repellat esse vitae quas iusto et.','Deserunt quis commodi reiciendis. Consequatur a consequatur ut culpa aliquid rem dolorem. Consectetur accusantium est est.','2020-06-06 07:05:10','2020-10-01 19:26:21'),(28,80,'Labore id eligendi unde voluptatem ipsam soluta sed provident.','Voluptas veritatis ut corrupti quos cum. Adipisci quo autem id corporis. Odit et qui sint quisquam itaque dolor.','2019-10-27 23:35:59','2020-10-01 19:26:21'),(29,24,'Quos vel aut cum id molestias.','Qui quo repellat cupiditate autem non in provident in. Voluptas provident animi qui ex ut et nulla officiis. Sapiente cum ipsa non nihil dolore quia voluptatem. Voluptatem ducimus qui corporis molestiae et iste voluptatem voluptatum.','2015-08-12 22:56:17','2020-10-01 19:26:21'),(30,82,'Explicabo doloremque dolorem sit nihil et.','Officia et ipsum soluta voluptas perferendis consequatur. Sunt vero nam animi labore vel debitis. Repellat eligendi hic voluptatem inventore exercitationem explicabo fugit. Sed deleniti fuga laborum qui facere placeat.','2018-11-03 16:44:41','2020-10-01 19:26:21'),(31,38,'Ipsum molestiae qui fugiat adipisci voluptas.','Ex beatae voluptatem voluptas corrupti. Recusandae repellat impedit natus dolor enim. Nam dolorem est velit ut quibusdam aut. Ad quibusdam corporis est magni.','2014-03-26 15:04:38','2020-10-01 19:26:21'),(32,43,'Adipisci quae deleniti vel nemo quis.','Pariatur deleniti architecto dolores quas dolores vitae. Sunt sunt sint adipisci. Corporis est dolorem atque dolorem ex sit et. Voluptas voluptas aut nulla consequatur labore. Explicabo sunt tenetur nihil voluptatem nihil.','2016-04-21 01:18:57','2020-10-01 19:26:21'),(33,1,'Sit ut amet asperiores laudantium commodi.','Ipsum nemo laborum rerum enim quia. Sit velit et debitis est omnis. Quaerat veniam nulla distinctio aut commodi qui eveniet.','2020-09-09 21:20:36','2020-10-01 19:26:21'),(34,77,'Et asperiores sint sed ex laboriosam ullam quam.','Voluptas rem voluptates quo non quod. Sunt sit quia quos ea. Quasi quis atque perferendis repellendus voluptas.','2012-10-05 20:35:33','2020-10-01 19:26:21'),(35,80,'Commodi vero unde in ut sed cum.','Blanditiis aut nulla omnis modi. Quia temporibus possimus modi aspernatur et ad earum. Omnis aliquam soluta a perspiciatis ut quisquam. Impedit quis ut quas itaque aliquid accusamus beatae. Sint quas inventore deserunt qui eum et.','2012-06-18 15:10:03','2020-10-01 19:26:21'),(36,69,'Quas consequuntur quibusdam sed pariatur voluptatem.','Beatae esse distinctio qui eveniet consectetur. Voluptatem ipsa fugiat et. Consectetur et et deserunt quasi repudiandae. Nemo voluptatem qui mollitia repellendus rerum.','2011-07-18 22:39:43','2020-10-01 19:26:21'),(37,3,'Molestiae rem accusamus iste nesciunt id quia rem.','Minus alias magnam incidunt. Labore porro amet quod et ipsam. Velit illo ipsa ut laborum repellendus qui est. Consequatur voluptatem ad eius libero facilis occaecati.','2015-08-02 11:47:10','2020-10-01 19:26:21'),(38,6,'Minima et vel et animi.','Est totam iste cum at suscipit ab quidem. Voluptatem aliquam voluptates corrupti impedit explicabo. Quas qui numquam totam praesentium qui necessitatibus.','2020-05-16 08:44:44','2020-10-01 19:26:21'),(39,23,'Quod fugiat in et sed et id.','Dolor ut nam voluptatibus. Dignissimos sit id voluptas velit rerum error debitis. Adipisci unde culpa non aut natus laudantium. Ipsum et assumenda nisi eum.','2019-01-04 08:43:42','2020-10-01 19:26:21'),(40,96,'Quas enim excepturi sit.','Et eveniet iure sed. Ab ea est sint nostrum quo nulla voluptate. Et natus a necessitatibus a enim. Eum excepturi deserunt ad eos.','2010-11-29 06:40:22','2020-10-01 19:26:21'),(41,9,'Quia cum veritatis ea quia quia quidem sit incidunt.','Rerum quaerat aperiam facere harum nobis nostrum qui. Excepturi debitis vel minus est exercitationem. Pariatur beatae aut in quia corporis ab delectus.','2017-05-25 08:27:05','2020-10-01 19:26:21'),(42,57,'Sint voluptatem at rerum qui hic veritatis autem.','Aut aliquid ut ut culpa nam maxime excepturi. Quasi consequatur voluptate repellat vel placeat. Et minima dolore dolores.','2016-02-12 18:06:05','2020-10-01 19:26:21'),(43,57,'Vel quasi autem quo sit nostrum.','Minima autem dolores velit quasi. Quibusdam quae harum consectetur non. Qui esse qui mollitia expedita molestiae quidem repudiandae.','2012-10-09 04:51:39','2020-10-01 19:26:21'),(44,13,'In hic tempora accusamus sunt.','Aut aut dolor dicta nihil enim vitae. Consequuntur eaque voluptate qui alias libero molestiae. Eum accusamus laborum accusantium sit. Qui corrupti officiis reprehenderit qui eius odit neque.','2019-05-04 00:24:26','2020-10-01 19:26:21'),(45,94,'Reiciendis recusandae recusandae in illum ut.','Voluptas repellendus qui in optio illo voluptas non. Totam et aut occaecati voluptas et tempora eum. Dolor consectetur repellat et tempora enim ducimus. Voluptas et repudiandae harum dignissimos et assumenda perferendis. Porro sed consequatur labore maiores ut ut optio.','2018-11-25 08:56:55','2020-10-01 19:26:21'),(46,32,'Nihil molestias quia architecto est repudiandae eos enim.','Vel dolores similique rerum in corrupti beatae. Et quidem quia ut. Non rerum et sed aut eum et animi. Consequatur numquam suscipit dolore et sed sed.','2013-06-28 18:28:22','2020-10-01 19:26:21'),(47,75,'Animi voluptas ipsa ut.','Doloremque voluptatibus est id corrupti non exercitationem sed fugiat. Dolorem minima aut labore dolor et. Dolores quia ullam et laudantium. In praesentium iusto eaque.','2016-02-19 15:43:26','2020-10-01 19:26:21'),(48,78,'Delectus ea facere in.','Eos provident mollitia esse eligendi eos ratione. Dolores itaque nulla temporibus atque. Dignissimos magni ipsam consequatur facere et aut ut vel.','2016-05-08 11:22:09','2020-10-01 19:26:21'),(49,66,'Aut nostrum dolorem et odio aperiam quo.','Dolorem ut tenetur adipisci quae unde. Unde dolorem consequatur consequatur rerum sint inventore. Et et voluptatem facere sunt enim ullam aspernatur. Aliquid dolorum nobis rem alias quam minus.','2019-12-26 21:25:09','2020-10-01 19:26:21'),(50,94,'Qui eos nam quod vel distinctio quisquam quia.','Laudantium voluptatum molestias autem molestiae ut porro et. Ea fugiat voluptatem sed sequi. Maxime provident eum voluptate. Corporis aliquam labore molestiae est exercitationem itaque nihil.','2015-03-03 20:59:12','2020-10-01 19:26:21'),(51,71,'Hic voluptas excepturi magni fugit doloremque magnam.','Velit quia ipsum dicta beatae soluta. Aut excepturi molestiae voluptate excepturi. Dolorem qui sunt ut voluptate delectus.','2016-05-09 02:37:08','2020-10-01 19:26:21'),(52,73,'Ut minima fuga aspernatur voluptatem et.','Recusandae iusto dignissimos ipsam magnam qui repellendus quas. Accusamus et facere qui quia consequatur magnam quia. Est in cupiditate unde sed illo ut asperiores. Iusto quia exercitationem aperiam facere voluptatum.','2010-11-24 06:33:49','2020-10-01 19:26:21'),(53,53,'Eaque consequatur voluptatibus dolores reiciendis iusto.','Cum blanditiis voluptatibus aut rem. Omnis necessitatibus est eaque quas est accusantium ex. Eaque aut velit et aut laboriosam. Molestiae nemo inventore eos repellendus eum quia animi cupiditate.','2011-04-16 06:14:43','2019-01-25 23:53:27'),(54,46,'Mollitia dolor nulla magni veritatis id ut consequatur.','Animi placeat error et nesciunt quia. Repudiandae dolorem qui ducimus quae ut explicabo dolor. Est quae ipsa assumenda labore error nobis dolores. Nihil blanditiis earum est sunt.','2016-08-20 00:07:35','2020-10-01 19:26:21'),(55,69,'Aliquid repellendus est enim nihil tenetur praesentium.','Laboriosam saepe illo et iusto quisquam delectus. Cupiditate inventore temporibus pariatur sed voluptate. Itaque quia nemo sunt sed perferendis. Sunt tempore ut eius quia quas sapiente.','2017-03-12 10:02:26','2020-10-01 19:26:21'),(56,7,'Sit est alias qui non hic voluptatem vel necessitatibus.','Distinctio unde quas tenetur est. Aut ratione hic accusamus rerum aut vitae quasi vel. Fuga fugit suscipit soluta possimus iste.','2015-04-07 15:21:19','2020-10-01 19:26:21'),(57,28,'Rerum commodi vel amet.','Delectus itaque maiores nam magnam. Ea provident aspernatur iusto voluptatem. Aut quis consequuntur dolores suscipit. Illum omnis in saepe distinctio iure magnam facere.','2011-10-12 09:26:23','2020-10-01 19:26:21'),(58,18,'Molestias id voluptate nulla molestias architecto quae.','Saepe repellat ex hic. Incidunt exercitationem praesentium sint vitae quos repudiandae et non. Exercitationem dolores eveniet placeat.','2014-05-16 23:30:43','2020-10-01 19:26:21'),(59,6,'Et et molestiae perferendis recusandae dolores.','Suscipit suscipit dignissimos nobis est placeat id. Molestiae inventore sed dignissimos dolore. Dolores labore harum dicta quam quis fuga. Est dolorem doloremque quia delectus.','2016-01-13 13:45:31','2020-10-01 19:26:21'),(60,75,'Molestiae distinctio nulla sapiente neque et ipsam.','Atque ut est in voluptates. Ea voluptatibus culpa distinctio eum.','2015-03-02 15:15:06','2020-10-01 19:26:21'),(61,57,'Assumenda repellendus ea ab ut voluptate.','Voluptate illo vel quos eum. Neque sunt quidem omnis recusandae aspernatur illum iste.','2011-09-07 19:53:47','2020-10-01 19:26:21'),(62,59,'Aut laboriosam neque repudiandae qui.','Deserunt minus illo sunt voluptatem. Praesentium et non minima sed. Dolores dignissimos quia at optio itaque magni officia. A alias excepturi quo harum sapiente nisi dolorem.','2011-04-29 10:34:56','2020-10-01 19:26:21'),(63,25,'Atque facere eligendi porro sit rem aspernatur repellendus.','Aliquid vitae tempora consectetur ut et sint. Est vel unde accusamus dolorem. Molestiae ab nihil sed quas. Enim necessitatibus aut adipisci at ut.','2011-06-10 06:27:50','2020-10-01 19:26:21'),(64,47,'Placeat porro perspiciatis omnis aspernatur ut labore minima.','Et necessitatibus consequuntur quod eligendi sint explicabo officia sunt. Quo libero aperiam voluptatum quia autem occaecati laudantium eaque. Minus eius alias quis porro sit.','2011-04-14 01:50:49','2020-10-01 19:26:21'),(65,60,'Odio consequuntur rerum dolorem nemo sit.','Enim voluptatem adipisci sint maxime ea eius. Omnis dignissimos nobis occaecati deleniti asperiores. Excepturi nihil voluptas recusandae quis facere similique et.','2018-12-07 15:22:46','2020-10-01 19:26:21'),(66,58,'Ea iusto eveniet tempora consequatur repellat aperiam.','Non mollitia dolorem consequuntur iste ea. Omnis et aut voluptas consequatur. Cumque debitis ut facilis facilis iusto ut.','2020-09-29 15:48:44','2020-10-01 19:26:21'),(67,11,'Debitis reprehenderit dolores molestiae officia.','Esse aut molestiae rerum cum provident est quos. Velit fuga eum dignissimos deleniti nihil odio quasi. Eius aut asperiores consequatur recusandae dignissimos. Voluptatem dicta numquam similique consequatur ut.','2012-02-26 21:39:31','2020-10-01 19:26:21'),(68,80,'Blanditiis nemo deleniti adipisci ut.','Reprehenderit enim quis facere ipsa. Et consequatur tempora necessitatibus nemo quo dolor. Nisi doloribus quibusdam sapiente. Vero provident alias voluptates inventore consequatur qui. Sint quae iste quis beatae consequuntur nihil laboriosam.','2011-11-17 00:24:11','2020-10-01 19:26:21'),(69,64,'Mollitia dolorem voluptatum eaque eos ut eos nihil.','Totam voluptatem et quia perferendis. Fuga natus maiores molestias temporibus et. Odio sit modi adipisci blanditiis temporibus reprehenderit incidunt id.','2013-11-11 08:24:29','2020-10-01 19:26:21'),(70,82,'Culpa eligendi nesciunt voluptate vel ut consequatur eius ut.','Id assumenda et tenetur aut consequatur. Hic fuga officia occaecati dolorem omnis qui.','2016-07-20 22:38:34','2020-10-01 19:26:21'),(71,15,'Voluptatem fugiat cum est assumenda.','Perferendis sunt consequuntur tempore minima et quia similique. Quisquam reiciendis assumenda odit et velit. Et praesentium molestiae maxime dolores.','2012-05-22 02:18:50','2020-10-01 19:26:21'),(72,32,'Placeat laboriosam est unde dolorem fugiat ut est.','Quis et dignissimos ad quo fugiat sit dolorum. Cumque ipsum sunt rerum ratione aliquam sunt totam velit. Quas quae delectus voluptatem consectetur omnis ipsum.','2016-04-12 09:08:34','2020-10-01 19:26:21'),(73,11,'Blanditiis necessitatibus qui qui repudiandae.','Maiores ea nihil dolorum maxime hic. Vero quibusdam nesciunt dolore et.','2020-03-26 08:57:27','2020-10-01 19:26:21'),(74,59,'Nemo voluptates sint possimus repellendus dignissimos architecto.','Accusamus quos nihil debitis aut nisi cupiditate. Ea molestias temporibus atque omnis. Quis voluptates a rem at earum tempore. Maxime facere inventore consequatur laboriosam qui.','2020-09-18 11:47:04','2020-10-01 19:26:21'),(75,63,'Odio vero et at fugiat.','Aut neque doloremque explicabo. Sunt sapiente est et ut nemo. Eveniet aut porro voluptatem adipisci. Odit corporis est reprehenderit.','2016-04-18 08:42:00','2020-10-01 19:26:21'),(76,35,'Praesentium voluptatibus ratione assumenda eaque sint architecto tempo','Quia enim id ipsum eum. Vel excepturi ipsam quaerat voluptatem in. Quia animi non error mollitia voluptatum.','2015-03-30 18:56:46','2020-10-01 19:26:21'),(77,86,'Omnis itaque aut distinctio omnis qui minima voluptate.','Commodi odit rem laborum ipsam dolor enim. Eum est doloremque magnam dolores ipsa qui. Vel tempora qui alias nesciunt quisquam assumenda nihil. Quae ipsa quia voluptatem sunt velit et provident sed.','2020-02-14 08:27:31','2020-10-01 19:26:21'),(78,26,'Cumque odio nihil aliquam molestiae.','Excepturi consequatur cupiditate aspernatur quaerat corrupti atque ad saepe. Aperiam fugit error qui saepe. Et odio nihil placeat alias ipsum et laborum accusantium. Asperiores nulla ab laudantium expedita necessitatibus.','2017-09-07 16:21:03','2020-10-01 19:26:21'),(79,73,'Deserunt ratione rerum totam quibusdam.','Porro eos consequatur quam repellendus. Autem mollitia aut vitae natus delectus. Modi sint quis temporibus voluptas ut eaque.','2010-10-19 01:21:52','2020-10-01 19:26:21'),(80,83,'Earum maxime officiis quo earum et recusandae.','Aliquid in non magnam dolorem. Occaecati nobis cum odit vitae ad voluptas culpa aliquid.','2013-02-22 20:18:22','2020-10-01 19:26:21'),(81,96,'Assumenda rerum sunt quia harum.','Tempore dolorem dignissimos nam aut sed. Odio rerum inventore expedita et. Modi esse architecto harum quia.','2013-11-30 11:23:42','2020-10-01 19:26:21'),(82,33,'Quia ut nisi sit tempore laborum et voluptatem.','Cupiditate asperiores id aut eveniet est. Non ullam rem doloribus sit sunt veritatis quia consectetur. Quibusdam non reiciendis at impedit maxime explicabo dolor. Aut aperiam veritatis harum earum.','2013-09-19 20:47:15','2020-10-01 19:26:21'),(83,76,'Quo repellendus voluptatibus doloribus et.','Et voluptatem dolorem vel voluptas. Cumque ducimus accusantium eaque totam quo sequi consequatur. Dolorem quisquam et quis. Eveniet omnis iusto nemo quam voluptas sequi.','2016-12-12 11:28:19','2020-10-01 19:26:21'),(84,78,'Eveniet quasi soluta soluta soluta.','Corrupti dolore asperiores in odit nam qui. Rem autem quo distinctio odio enim qui accusamus. Magni consequuntur non molestias sapiente. Corporis ullam est qui nihil voluptatum nobis corrupti.','2014-08-18 19:05:11','2020-10-01 19:26:21'),(85,65,'Et vero ipsam debitis quo rerum expedita.','Non illo illo vel animi cumque impedit dicta. Consectetur rerum fuga aut non distinctio. Hic sint et rerum praesentium rem.','2014-03-27 07:48:07','2020-10-01 19:26:21'),(86,88,'Laborum quidem eum minus voluptatem nobis odit.','Ut facere enim ut unde nam sit. Consequatur occaecati temporibus et illum dolore natus. Itaque consequatur velit repellat magnam quia nostrum ducimus.','2015-04-29 05:55:26','2020-10-01 19:26:21'),(87,46,'Natus repudiandae ut in voluptate provident adipisci.','Laudantium quia culpa rerum et tenetur et enim. Quia vitae consequuntur deleniti maiores amet. Et totam sit quia omnis soluta officia sunt excepturi. Et possimus eius reprehenderit ut.','2014-05-28 21:15:55','2020-10-01 19:26:21'),(88,66,'Quis sed accusantium vel quis est consectetur.','Quidem voluptates aut dolorem ipsum velit in quas. Fugiat cum deleniti quas sed impedit. Expedita quae nostrum ea dolor. Architecto ab illum sunt laboriosam dolores ipsa.','2016-08-13 00:15:36','2020-10-01 19:26:21'),(89,90,'Rerum et culpa adipisci eos quae deleniti voluptatem.','Ipsa deleniti porro omnis autem sit ut omnis ad. Quisquam consequuntur et temporibus ab. Est et natus aut occaecati iure dolorum. Dolorem minima nam aperiam fugiat saepe consequatur.','2015-04-16 09:58:15','2020-10-01 19:26:21'),(90,52,'Quae expedita nihil sint ratione quaerat impedit dolore.','Commodi deleniti omnis vero nesciunt consequatur. Molestias amet et ipsam alias. Sapiente quaerat voluptatibus architecto consequatur aut perspiciatis ex voluptatem. Voluptas eos delectus et nemo.','2016-11-13 19:53:43','2020-10-01 19:26:21'),(91,91,'Maiores voluptatum natus sequi blanditiis atque similique.','Eum enim recusandae iure velit deserunt incidunt distinctio. Vel nam ea aperiam et et et saepe quia. Provident beatae maiores laboriosam labore.','2012-02-24 06:16:17','2018-08-17 08:38:58'),(92,98,'Aut aliquam eaque a iusto repellat velit.','Earum eius repudiandae vitae aperiam molestiae aut voluptatum. Qui tenetur ut et id consectetur. Facilis sint inventore consectetur nemo.','2020-03-26 11:54:13','2020-10-01 19:26:21'),(93,17,'Id vitae deleniti veritatis omnis hic iste.','Cupiditate modi excepturi aut voluptas possimus alias. Odit dolore et sed quasi. Laborum et consequatur ea sint est ipsum.','2013-01-19 11:38:42','2020-10-01 19:26:21'),(94,90,'Corrupti enim aliquam perspiciatis possimus.','Eos autem rerum blanditiis fugiat voluptate. Earum qui eaque ex aliquam. Aut dolore natus nisi.','2012-05-17 12:46:39','2020-10-01 19:26:21'),(95,97,'Esse vel cumque non officia est.','Quos at ea amet eum eaque voluptate. Iure repudiandae illo quia. Consequatur natus rerum aut veritatis mollitia. Est aut dignissimos provident dolorem dolore.','2017-07-08 03:47:36','2020-10-01 19:26:21'),(96,17,'Cumque nesciunt amet accusantium quae.','Dicta laboriosam est quidem soluta ad. Consequatur ratione voluptatem quis ipsum quasi qui. Minima qui et assumenda necessitatibus fugiat. Nam mollitia quia voluptatum magnam non explicabo minima velit.','2013-02-09 04:14:33','2020-10-01 19:26:21'),(97,92,'Sapiente ratione fugiat corporis vel corrupti delectus quis.','Non sit officiis architecto beatae ad perspiciatis voluptate. Optio natus sunt autem at rerum omnis quis. Omnis adipisci sunt quo id. Sint eum accusantium at sed beatae commodi enim. Et exercitationem occaecati debitis quia molestiae doloremque voluptas blanditiis.','2020-09-27 21:01:47','2020-10-01 19:26:21'),(98,7,'Dolores nihil eos ut eos esse.','Aliquam nulla ut saepe quia. Ab facere aut commodi dolor sit alias. Rerum voluptatum soluta rerum eveniet.','2017-04-03 18:58:49','2020-10-01 19:26:21'),(99,59,'Perferendis suscipit nisi odio quisquam illo eum tempora.','Numquam quos alias autem quia nesciunt. Assumenda dolor in perspiciatis qui quod ipsum. Consequatur dolorem enim architecto quaerat ut.','2013-12-16 14:24:24','2020-10-01 19:26:21'),(100,76,'Quod debitis sint et esse.','Inventore incidunt aut repellat voluptatem dolor quidem eum eaque. Ad officia aut officiis nihil sint sequi sapiente quia. Non nobis minima ab quam. Harum autem repellat aperiam.','2012-04-21 20:42:58','2020-10-01 19:26:21');
/*!40000 ALTER TABLE `blog` ENABLE KEYS */;
UNLOCK TABLES;

--
-- Table structure for table `courses`
--

DROP TABLE IF EXISTS `courses`;
/*!40101 SET @saved_cs_client     = @@character_set_client */;
/*!50503 SET character_set_client = utf8mb4 */;
CREATE TABLE `courses` (
  `id` int unsigned NOT NULL AUTO_INCREMENT,
  `user_id` int unsigned NOT NULL,
  `name` varchar(50) CHARACTER SET utf8 COLLATE utf8_unicode_ci DEFAULT NULL,
  `desription` text CHARACTER SET utf8 COLLATE utf8_unicode_ci,
  `price` decimal(11,2) unsigned DEFAULT NULL,
  `created_at` datetime DEFAULT CURRENT_TIMESTAMP,
  `updated_at` datetime DEFAULT CURRENT_TIMESTAMP ON UPDATE CURRENT_TIMESTAMP,
  PRIMARY KEY (`id`),
  KEY `courses_user_id_fk` (`user_id`),
  KEY `courses_name_idx` (`name`),
  KEY `courses_price_idx` (`price`),
  CONSTRAINT `courses_user_id_fk` FOREIGN KEY (`user_id`) REFERENCES `users` (`id`) ON DELETE CASCADE
) ENGINE=InnoDB AUTO_INCREMENT=101 DEFAULT CHARSET=utf8 COLLATE=utf8_unicode_ci;
/*!40101 SET character_set_client = @saved_cs_client */;

--
-- Dumping data for table `courses`
--

LOCK TABLES `courses` WRITE;
/*!40000 ALTER TABLE `courses` DISABLE KEYS */;
INSERT INTO `courses` VALUES (1,42,'Javascript','Voluptas mollitia aut molestiae neque aut nesciunt optio cumque. Deserunt sit dolores asperiores quod et temporibus. In rerum similique quibusdam adipisci deserunt qui placeat.',190000.00,'2016-05-08 01:25:18','2020-10-01 18:55:17'),(2,57,'Javascript','Id assumenda nobis labore. Laborum maiores qui incidunt aut et aut iure quaerat.',80000.00,'2011-04-21 12:44:57','2020-10-01 18:55:17'),(3,56,'IOS developer','Nemo sunt quia molestiae soluta nam. Fugiat earum vel quisquam sed. Id voluptatem velit molestiae possimus vel. Molestias esse commodi ducimus.',80000.00,'2011-10-21 02:00:02','2020-10-01 18:55:17'),(4,8,'Big Data','Impedit soluta quasi deserunt non dolores. Dignissimos suscipit qui quaerat sunt. Praesentium ad autem et ut consequuntur dolor nemo. Veniam magnam quis est dicta labore tempore iste.',80000.00,'2020-07-05 01:38:42','2020-10-01 18:55:17'),(5,74,'Android developer','Iste quia ad voluptas ipsum. Ut qui deleniti recusandae fugit perferendis. Sed et vel exercitationem autem in. Quas et sunt autem dolor.',120000.00,'2016-11-18 19:59:01','2020-10-01 18:55:17'),(6,43,'Java','Nesciunt sunt minus odit et vel reiciendis. Modi voluptas nisi optio dolores nesciunt aut similique.',190000.00,'2015-09-19 10:03:50','2020-10-01 18:55:17'),(7,91,'Python','Doloremque eligendi sapiente nulla exercitationem sed. Qui aut asperiores sed repellat eum. Molestiae minus sit vitae hic libero. Optio voluptatem accusantium rem dolore at unde.',120000.00,'2014-05-06 04:46:00','2020-10-01 18:55:17'),(8,29,'Javascript','Inventore dolor cumque dolorem eum. Omnis laborum quas exercitationem voluptates delectus dicta. Aut ut itaque sunt inventore delectus modi. Qui incidunt nobis dolore laboriosam est.',150000.00,'2011-04-26 19:57:24','2020-10-01 18:55:17'),(9,72,'Web development','Aperiam voluptate labore asperiores culpa laudantium aut dolorem. Deleniti non nisi corrupti eos non culpa officia. Exercitationem libero consequatur totam omnis accusamus hic.',120000.00,'2011-01-21 23:01:56','2020-10-01 18:55:17'),(10,72,'Android developer','Et dolor ea cumque dolor impedit magnam. Ut voluptatum sed magni culpa veritatis. Iure ut qui ut quibusdam debitis impedit.',120000.00,'2010-12-11 09:40:54','2020-10-01 18:55:17'),(11,42,'Android developer','Pariatur est laborum fugit animi magnam. Quasi nihil qui ut sint voluptate veritatis. A provident laboriosam ipsum et qui pariatur minima.',150000.00,'2011-03-04 00:10:22','2020-10-01 18:55:17'),(12,94,'Data Science','Assumenda quia cupiditate sit veritatis cum quia. Est nesciunt mollitia architecto dolores dolores asperiores. Sed quasi dolore est enim nemo.',190000.00,'2019-01-15 19:50:24','2020-10-01 18:55:17'),(13,43,'Big Data','Odit non magni quis. Officia velit rem rem repellendus eaque repellat modi. Quaerat et ipsa ut velit. Saepe nemo ea quam modi. Vero unde repellat minima et sapiente nesciunt sit.',150000.00,'2015-04-28 10:35:52','2020-10-01 18:55:17'),(14,34,'Python','Libero error eligendi architecto molestiae. Nihil minima voluptas nihil sint dolorem nesciunt possimus dolore. Ut debitis ipsum et incidunt. Et quasi aut distinctio ipsa corporis praesentium vitae.',150000.00,'2017-10-16 15:37:46','2020-10-01 18:55:17'),(15,41,'IOS developer','Sit alias enim ducimus voluptas nisi. Impedit deserunt harum quis omnis a a incidunt. Sed illo vitae beatae. Occaecati iusto dolorem in vel quisquam inventore recusandae. Optio optio veniam sint vel.',100000.00,'2012-11-07 11:36:51','2020-10-01 18:55:17'),(16,1,'Java','Voluptas aliquid nihil atque placeat labore deleniti dolorem molestias. Non voluptatem ut ex ex cupiditate. Voluptatem voluptas impedit magni est.',250000.00,'2015-08-01 06:49:49','2020-10-01 18:55:17'),(17,80,'Javascript','Et velit voluptatem impedit sapiente ipsa. Saepe enim dolor nisi dolores. Optio quo occaecati consectetur eum fugiat corrupti cumque.',75000.00,'2011-02-18 01:43:21','2020-10-01 18:55:17'),(18,99,'DevOps','Eos aliquid sequi molestiae magni modi porro. Minima aut repellat rerum non consequatur a corrupti. Voluptates atque ut quia.',80000.00,'2013-11-08 21:09:42','2020-10-01 18:55:17'),(19,55,'Android developer','Quae animi est quasi qui et dolore. Quis sed aut dolores rem minus earum et. Doloremque at suscipit molestiae odio eos. Aut iste officiis ea.',150000.00,'2014-01-31 23:24:54','2020-10-01 18:55:17'),(20,79,'Big Data','Possimus at voluptatibus est et quae saepe placeat. Nulla at nesciunt ut ad vel cumque error. Qui excepturi officiis harum cum. Laudantium ut quasi impedit at molestiae.',150000.00,'2012-05-22 21:58:04','2020-10-01 18:55:17'),(21,26,'IOS developer','Corrupti tenetur placeat quo voluptas aliquam. Consequatur dolorum qui aut architecto sit molestiae ut. Qui asperiores nisi excepturi nesciunt aperiam. Autem ea quisquam aliquam.',120000.00,'2019-08-29 02:47:34','2020-10-01 18:55:17'),(22,95,'DevOps','Est dolores magni aliquid id. Minima enim ea autem qui voluptas. Culpa ut voluptatibus ipsam quasi vel. Laudantium commodi doloribus porro placeat maxime est.',120000.00,'2014-11-25 19:24:41','2020-10-01 18:55:17'),(23,98,'Web development','Et doloremque rem quia cumque autem. Ut aliquam est quod ducimus necessitatibus ad. Molestias nesciunt dolores eos accusamus aut. Et quos et voluptatem in architecto fugiat et.',150000.00,'2017-06-07 08:58:15','2020-10-01 18:55:17'),(24,2,'Web development','Suscipit quibusdam commodi nobis et placeat. Non et et excepturi minima. Similique quis ducimus nostrum sapiente eos cumque.',190000.00,'2015-04-06 19:02:21','2020-10-01 18:55:17'),(25,15,'Java','Quidem libero ea atque dolor. Nihil facere magni amet aut. Quisquam distinctio quisquam ea consequatur et sint.',100000.00,'2016-09-10 11:10:42','2020-10-01 18:55:17'),(26,68,'Data Science','Nihil incidunt est vero dolorem nesciunt ipsum optio ab. Omnis quo aut repudiandae ut. Illo in a voluptas quia ut.',100000.00,'2017-03-20 17:55:44','2020-10-01 18:55:17'),(27,95,'Java','Dolorem quis quo doloremque occaecati. Quae aut ipsa velit ipsa temporibus. Quia velit quis ut. Recusandae occaecati minus sit voluptate odio.',100000.00,'2015-01-22 08:09:55','2020-10-01 18:55:17'),(28,71,'Web development','Corrupti perspiciatis culpa quo iste ea facere. Iure quo ea et eum. Quos qui culpa fuga minima repellat molestiae et fuga. Iure officia nesciunt vero qui.',75000.00,'2011-07-08 03:20:39','2020-10-01 18:55:17'),(29,68,'Data Science','Impedit vel culpa aut culpa minus ea iste accusamus. Suscipit et illum eos voluptatibus aspernatur consequatur vero. Neque voluptatem delectus hic id soluta hic reiciendis.',100000.00,'2016-04-25 14:34:37','2020-10-01 18:55:17'),(30,25,'Big Data','Tempora ducimus veritatis temporibus deleniti blanditiis dolores. Quod ipsam velit qui saepe quia. Corporis labore omnis cumque.',75000.00,'2015-04-22 01:04:17','2020-10-01 18:55:17'),(31,24,'Web development','Hic qui a excepturi deleniti. Amet autem ab qui neque voluptatum. Velit laudantium sunt aut quibusdam ex minus exercitationem. Sed quia non aut necessitatibus.',80000.00,'2012-03-01 06:41:08','2020-10-01 18:55:17'),(32,42,'Data Science','Rerum pariatur aspernatur officiis. Sequi dolor sit ut officiis enim cumque et. Aut quod assumenda et quis exercitationem aliquid perspiciatis.',100000.00,'2011-01-21 20:30:53','2020-10-01 18:55:17'),(33,39,'IOS developer','Maiores labore ut aut odit temporibus est enim. Fugit nam et in rerum. Est deserunt eum ut debitis ad at.',250000.00,'2019-10-31 07:01:49','2020-10-01 18:55:17'),(34,66,'Java','Dolorem ducimus sit itaque praesentium consequatur et. Est aut dicta voluptas dignissimos assumenda.',120000.00,'2014-10-30 17:15:21','2020-10-01 18:55:17'),(35,14,'Data Science','Et similique voluptatem commodi rerum et. Esse provident accusamus ipsum molestiae accusantium similique.',120000.00,'2020-03-25 02:03:13','2020-10-01 18:55:17'),(36,72,'Python','Veritatis aut repellendus id corporis expedita accusamus. Est ut occaecati animi quos doloremque sequi. Consequatur consequatur a qui est repellat et et.',150000.00,'2011-07-08 10:55:33','2020-10-01 18:55:17'),(37,18,'Java','Similique doloribus quo doloribus ad in. Quae voluptas fugiat voluptas mollitia in omnis velit. Qui eveniet et expedita ullam.',75000.00,'2015-08-24 11:33:21','2020-10-01 18:55:17'),(38,75,'Data Science','Aperiam enim pariatur iure beatae. Quis architecto recusandae ullam est et enim. Ut perspiciatis aut odio molestiae repellat quam impedit.',100000.00,'2015-07-14 13:08:52','2020-10-01 18:55:17'),(39,17,'Python','Est dolores suscipit enim dicta nihil nemo. Nemo quod qui ea consequatur et numquam officia.',250000.00,'2020-04-21 05:45:39','2020-10-01 18:55:17'),(40,61,'Web development','Quaerat a voluptatem illum. Nihil dolores et ea quia ullam. Accusamus error nihil sit aliquam. Repudiandae occaecati id voluptas sunt velit.',190000.00,'2012-05-25 04:20:59','2020-10-01 18:55:17'),(41,53,'Web development','Rerum consequuntur perferendis quibusdam qui velit magnam inventore. Nesciunt consequatur qui aut facilis non quo maxime accusantium. Minima et aut cumque atque eligendi maxime velit quo.',250000.00,'2016-08-06 17:46:17','2020-10-01 18:55:17'),(42,83,'Python','Quia ex praesentium delectus dignissimos rem. Ut et dolorem rerum hic ipsum doloremque sequi.',100000.00,'2020-02-01 17:16:16','2020-10-01 18:55:17'),(43,54,'Java','Aut quaerat repudiandae vitae consequatur sunt dolore earum non. Animi fugit rerum molestias quasi officia consequuntur dolorem et. Itaque ut numquam ullam dolores eveniet corrupti.',100000.00,'2011-11-07 23:11:25','2020-10-01 18:55:17'),(44,22,'IOS developer','Et quo sapiente hic sit blanditiis. Voluptatibus enim expedita quia repellendus. Laudantium officiis magni unde vel dolorum.',75000.00,'2014-04-30 00:49:16','2020-10-01 18:55:17'),(45,47,'Web development','Et velit qui ea et cum. Soluta aut dolores eligendi voluptatem suscipit temporibus blanditiis. Culpa eaque inventore aliquid est.',100000.00,'2020-01-09 04:45:54','2020-10-01 18:55:17'),(46,70,'Java','Quo neque sit omnis dolorum. Qui rem laborum nam modi suscipit autem animi. Rerum natus impedit veritatis quo reprehenderit.',75000.00,'2018-08-22 03:35:52','2020-10-01 18:55:17'),(47,9,'Javascript','Rerum sint quidem aspernatur non voluptas. Vel nostrum nemo rerum deserunt cumque sed in. Quasi nobis dolorum quas non deserunt dolor. Corporis quam sed tenetur placeat voluptatem architecto.',75000.00,'2017-09-01 20:37:45','2020-10-01 18:55:17'),(48,34,'Big Data','Nemo cupiditate aperiam assumenda harum quidem. Voluptas voluptates recusandae repudiandae. Rem eaque inventore ipsam quis. Iure reiciendis quam quisquam qui qui distinctio explicabo.',100000.00,'2014-06-17 17:43:17','2020-10-01 18:55:17'),(49,42,'Java','Minima vitae molestiae sit aut aliquam incidunt molestiae velit. Molestiae est numquam ut et.',120000.00,'2019-05-18 05:44:05','2020-10-01 18:55:17'),(50,6,'Big Data','Sit eveniet sit possimus sequi dolorem. Dolor voluptatibus deleniti tenetur culpa architecto doloremque. Hic repudiandae aut corporis.',80000.00,'2017-07-01 07:45:08','2020-10-01 18:55:17'),(51,4,'Java','Odit ratione eligendi iure aliquid architecto aliquam dolore. Accusantium debitis quae ut maxime deleniti nobis. Eos eligendi est provident modi aut vero enim.',190000.00,'2012-07-01 21:29:20','2020-10-01 18:55:17'),(52,1,'Big Data','Quis quas iure molestiae aliquam animi quas. Et recusandae quidem quos quasi. Quo officia sit culpa iure esse minus ullam.',100000.00,'2011-01-31 03:31:21','2020-10-01 18:55:17'),(53,95,'Javascript','Velit mollitia eum recusandae delectus nisi quo. Et est ullam dolorum et ut molestiae animi. Veniam velit maxime enim et ipsum consequuntur eveniet quisquam. Incidunt quia sunt molestiae.',190000.00,'2011-10-31 11:28:52','2020-10-01 18:55:17'),(54,71,'Python','Numquam harum eius occaecati et et. Vel omnis inventore ipsum voluptas eum. Voluptate asperiores similique ullam. Sed rerum facere voluptatem eos qui.',100000.00,'2012-09-04 01:08:49','2020-10-01 18:55:17'),(55,69,'Python','Ut dolor saepe doloribus totam non recusandae. Et doloribus sit laudantium sed deleniti ab non. Consequatur alias ea consequatur.',250000.00,'2018-10-22 08:12:31','2020-10-01 18:55:17'),(56,33,'IOS developer','Accusantium neque cupiditate et non voluptas et dolore. Eaque sit quia dolorem voluptatem aut eos dolore. Nobis iure sed nesciunt.',75000.00,'2012-11-14 17:38:11','2020-10-01 18:55:17'),(57,57,'Javascript','Sapiente ullam accusamus et expedita totam quod. Eum sit ea et sit eaque. Corrupti suscipit cumque qui eius omnis.',250000.00,'2019-02-25 15:13:15','2020-10-01 18:55:17'),(58,83,'Javascript','Vitae assumenda odit reprehenderit eligendi incidunt. Maxime iste eum quisquam et non. Reiciendis velit dolores ut qui. Qui odio doloribus et omnis ut fugiat aut hic.',100000.00,'2011-04-29 21:45:00','2020-10-01 18:55:17'),(59,46,'Data Science','Aspernatur non facere aut. Blanditiis error earum libero iure quis voluptatem. Consequatur iusto alias aliquid et rerum sint. Aut quia dicta nesciunt quibusdam.',100000.00,'2017-05-13 18:17:27','2020-10-01 18:55:17'),(60,82,'DevOps','Dolorum aut dolores odio quaerat. Quos suscipit eum est optio ut. Dolorem dolorem eos veritatis tenetur iste cupiditate vitae.',75000.00,'2011-11-11 21:28:55','2020-10-01 18:55:17'),(61,69,'DevOps','Quos cum aut quia consequuntur voluptas exercitationem explicabo. Et a est et veniam laborum ipsam nihil. Eveniet ducimus sint sequi sed sit maxime architecto. Cumque pariatur et aut quo qui.',75000.00,'2016-11-01 00:21:44','2020-10-01 18:55:17'),(62,99,'Big Data','Libero doloremque vitae excepturi aspernatur harum. Laudantium quas molestiae molestiae commodi iusto qui facere doloribus. Velit consequatur maiores non inventore veniam aut.',100000.00,'2014-05-29 08:39:30','2020-10-01 18:55:17'),(63,86,'Java','Minus iusto ratione eos aliquid facilis repudiandae. Dolor magnam ut natus ratione praesentium repellat voluptas id. Non voluptatum culpa error assumenda non molestias dicta.',120000.00,'2019-08-17 01:06:05','2020-10-01 18:55:17'),(64,35,'Web development','Et id voluptates maxime alias deleniti mollitia sunt. Optio ut cum temporibus cumque repellendus velit. Modi velit sed et ad aut sequi.',250000.00,'2014-07-11 16:18:05','2020-10-01 18:55:17'),(65,14,'Python','Minima ea voluptates autem. Est ut sapiente laudantium nam tempora repellat sint. Voluptate delectus est est vero.',100000.00,'2017-10-23 05:53:19','2020-10-01 18:55:17'),(66,66,'IOS developer','Aspernatur dignissimos iure numquam ut. Dolor architecto magni quisquam sapiente. Laudantium aut laudantium eligendi magnam ut natus. Nam perspiciatis est accusantium.',80000.00,'2016-08-18 23:30:48','2020-10-01 18:55:17'),(67,89,'IOS developer','Sapiente perspiciatis deleniti inventore exercitationem iste tenetur. Corporis ut quod natus consequatur. Ut velit facere quaerat voluptas quidem cum.',150000.00,'2018-08-07 12:02:47','2020-10-01 18:55:17'),(68,46,'Data Science','Consequatur necessitatibus ipsum est et doloremque. Mollitia minus earum officia quo recusandae totam id. Totam vel voluptatibus atque eaque. Quasi sed rerum tenetur sit.',150000.00,'2019-04-24 07:51:41','2020-10-01 18:55:17'),(69,61,'Big Data','Et sunt molestiae ea dicta illo facilis qui. Saepe molestiae qui quia quos omnis sequi in ex. Saepe iste veniam mollitia. In ratione dolore aliquam assumenda.',75000.00,'2011-06-14 01:16:17','2020-10-01 18:55:17'),(70,65,'Big Data','Sunt rerum autem voluptatem. Nihil ratione nulla facilis non iste voluptatem quia. Aut laudantium atque ullam consequatur.',150000.00,'2012-02-24 06:05:02','2020-10-01 18:55:17'),(71,45,'IOS developer','Et mollitia occaecati quo. Voluptatem occaecati quia enim est aperiam voluptatem et. Corporis ut cupiditate excepturi vel soluta occaecati. Voluptate veritatis in tenetur ut voluptas sunt quibusdam.',80000.00,'2011-07-07 06:16:10','2020-10-01 18:55:17'),(72,27,'Data Science','Commodi nemo sed nisi aut excepturi dolorum omnis. Reprehenderit est nesciunt amet nisi. Quasi eaque ut modi quae deserunt animi.',120000.00,'2018-07-13 10:05:46','2020-10-01 18:55:17'),(73,1,'DevOps','Non omnis quis repellat enim dignissimos. Provident consequatur ratione pariatur similique id alias consequatur. Minima aliquid labore labore doloribus ut nihil rerum ut.',80000.00,'2013-01-28 02:28:53','2020-10-01 18:55:17'),(74,22,'DevOps','Non eum nesciunt placeat. Deleniti ea ut sed nemo. Quidem qui amet hic nihil.',190000.00,'2014-01-08 06:52:04','2020-10-01 18:55:17'),(75,6,'Javascript','Provident quis laboriosam voluptatem ratione et. Quidem repudiandae quia maiores est rerum atque. Rem temporibus hic non id. Dolor non dicta nemo molestiae perspiciatis suscipit.',80000.00,'2014-07-12 05:24:25','2020-10-01 18:55:17'),(76,64,'Python','Enim non quia ut molestiae. Culpa architecto ea voluptate est est qui enim laboriosam. Accusamus et sapiente sed enim quidem. Voluptatibus enim odio harum mollitia rerum sit non.',100000.00,'2013-02-10 01:22:51','2020-10-01 18:55:17'),(77,2,'Data Science','Facilis architecto sint dolore unde. Natus cupiditate molestiae nulla voluptas corporis ullam. Modi cupiditate totam dolores voluptates quo officia accusantium.',250000.00,'2019-08-19 09:49:36','2020-10-01 18:55:17'),(78,16,'Big Data','Sit asperiores quas voluptatem eum. Veritatis corrupti temporibus quam ratione earum. Quidem similique voluptas voluptatibus voluptatibus corporis. Nihil eius aliquam facere alias maiores tempora.',100000.00,'2016-11-29 11:56:05','2020-10-01 18:55:17'),(79,75,'IOS developer','Dolor blanditiis ipsa quas cupiditate corporis ab nobis. Id quisquam facilis praesentium quos aut. Hic sint odio harum non at error. Perspiciatis distinctio sed possimus qui.',190000.00,'2020-03-15 12:07:19','2020-10-01 18:55:17'),(80,26,'IOS developer','Magni odio pariatur amet molestias non repudiandae. Esse distinctio illum maxime. Voluptas quam rerum qui. Et facilis cupiditate ducimus.',250000.00,'2019-09-27 06:20:46','2020-10-01 18:55:17'),(81,4,'Web development','Ea amet quia eaque. Voluptates eius qui distinctio et voluptate aut molestiae nisi. Molestiae laboriosam veritatis et id. Aliquam deserunt quas magni sint cumque unde et.',80000.00,'2015-07-03 07:17:48','2020-10-01 18:55:17'),(82,41,'DevOps','Et voluptas nobis aspernatur ex vel minus deleniti et. Quia deleniti inventore voluptatem inventore sint. Aspernatur tenetur vero aut eaque.',150000.00,'2019-03-18 08:34:35','2020-10-01 18:55:17'),(83,94,'Data Science','Autem ex vitae sequi perspiciatis quia similique nam. Est fugiat voluptatem ducimus repellat expedita. Ea placeat dignissimos minus eum eum sint. Est exercitationem quas id repudiandae.',120000.00,'2018-02-11 05:55:11','2020-10-01 18:55:17'),(84,47,'Java','Consequatur dolor qui et blanditiis vero. Iusto ut odit expedita saepe. Qui perferendis minima aut voluptatem quo tempore.',120000.00,'2018-09-17 20:17:57','2020-10-01 18:55:17'),(85,53,'Java','Sed voluptas expedita non a earum. Consequuntur adipisci non qui ut vel et quis. Ex fugit consequatur quae id fugit. Et minima maxime eos laborum vero eveniet magnam quae.',150000.00,'2015-06-12 16:03:03','2020-10-01 18:55:17'),(86,22,'Big Data','Omnis sed modi quis et ipsum. Quod ut ipsam qui debitis. Aperiam quasi nostrum cumque rerum sunt laboriosam magni molestias.',150000.00,'2016-06-18 22:09:38','2020-10-01 18:55:17'),(87,52,'Big Data','Iure aut sunt alias enim. Sunt quis omnis laudantium neque.\nVoluptatibus perspiciatis omnis quia sit veniam temporibus. Soluta repudiandae sit voluptatem molestiae. Amet doloribus vel nostrum ullam.',120000.00,'2017-01-18 00:44:02','2020-10-01 18:55:17'),(88,92,'Android developer','Culpa harum et et dolores quia est. Accusantium ut aut quo aut rerum et. Voluptatem sunt sit qui soluta.',150000.00,'2015-03-14 14:51:16','2020-10-01 18:55:17'),(89,2,'Python','Vel voluptatibus exercitationem aut. Saepe sequi et corporis officiis voluptatum consectetur omnis dolor. Delectus amet minima et quidem.',100000.00,'2011-10-03 03:33:22','2020-10-01 18:55:17'),(90,35,'Java','Ratione dolores molestiae sint dicta et. Repudiandae et suscipit libero perspiciatis ut incidunt qui. Molestiae et quia unde repudiandae sed voluptatem.',190000.00,'2012-05-02 04:19:17','2020-10-01 18:55:17'),(91,66,'Data Science','Rerum eos molestiae et qui voluptatem cupiditate voluptatem. Repellendus iusto eum qui sit.',190000.00,'2014-09-07 13:01:40','2020-10-01 18:55:17'),(92,28,'Android developer','Deserunt voluptatem sunt asperiores totam placeat ea sunt omnis. Repellendus ducimus voluptatem facere et.',120000.00,'2014-06-08 09:35:30','2020-10-01 18:55:17'),(93,41,'Web development','Dolores magni quos doloremque molestias illum. Qui quas facilis unde quia. Laborum quisquam et cumque dolore iusto et beatae. Qui ipsum veritatis enim autem praesentium excepturi ad.',150000.00,'2016-08-28 16:58:35','2020-10-01 18:55:17'),(94,20,'Java','Aliquam nostrum officia voluptatem consectetur recusandae excepturi. Qui at aliquam voluptas sed eum rem. Recusandae similique accusantium sint est doloremque quisquam accusamus.',80000.00,'2014-12-22 08:06:01','2020-10-01 18:55:17'),(95,76,'Data Science','Ut magnam tempore laudantium quasi rerum et laudantium. Velit sit velit numquam sed. Dolores ullam iure autem aut.',120000.00,'2015-03-03 23:42:11','2020-10-01 18:55:17'),(96,18,'Big Data','Non consequuntur aut repellat accusamus. Occaecati commodi magnam reprehenderit voluptatem quos. Iure saepe libero omnis laboriosam et. Aspernatur hic ratione nesciunt cupiditate maxime.',75000.00,'2016-06-27 02:36:38','2020-10-01 18:55:17'),(97,62,'Android developer','Adipisci sit provident quas reiciendis. Consectetur facere non harum sed et et facere illo.',250000.00,'2011-01-01 11:46:13','2020-10-01 18:55:17'),(98,56,'Javascript','Nemo id necessitatibus et commodi esse sed. Facere atque consectetur necessitatibus libero est. Tempora quos et molestiae tempora qui. Laborum hic saepe qui voluptatibus dolorem.',250000.00,'2020-04-30 20:30:57','2020-10-01 18:55:17'),(99,92,'Javascript','Necessitatibus autem dolorem aut est. Ut sint et ullam saepe asperiores consequatur sit omnis. Et consequatur labore tempora magnam et.',80000.00,'2019-01-02 20:10:03','2020-10-01 18:55:17'),(100,92,'Java','Ullam cum voluptatem enim tempore rerum perspiciatis. Porro rem autem et ut consequuntur alias voluptatibus. Iste deserunt qui placeat ipsum nam corporis. Quam corrupti corrupti labore dolor.',100000.00,'2013-04-29 06:47:54','2020-10-01 18:55:17');
/*!40000 ALTER TABLE `courses` ENABLE KEYS */;
UNLOCK TABLES;

--
-- Table structure for table `discounts`
--

DROP TABLE IF EXISTS `discounts`;
/*!40101 SET @saved_cs_client     = @@character_set_client */;
/*!50503 SET character_set_client = utf8mb4 */;
CREATE TABLE `discounts` (
  `id` int unsigned NOT NULL AUTO_INCREMENT,
  `user_id` int unsigned NOT NULL,
  `courses_id` int unsigned NOT NULL,
  `discount` decimal(8,4) unsigned DEFAULT NULL,
  `finished_at` datetime DEFAULT NULL,
  `started_at` datetime DEFAULT NULL,
  `created_at` datetime DEFAULT CURRENT_TIMESTAMP,
  `updated_at` datetime DEFAULT CURRENT_TIMESTAMP ON UPDATE CURRENT_TIMESTAMP,
  PRIMARY KEY (`id`),
  KEY `discounts_user_id_fk` (`user_id`),
  KEY `discounts_courses_id_fk` (`courses_id`),
  KEY `discounts_discount_idx` (`discount`),
  CONSTRAINT `discounts_courses_id_fk` FOREIGN KEY (`courses_id`) REFERENCES `courses` (`id`) ON DELETE CASCADE,
  CONSTRAINT `discounts_user_id_fk` FOREIGN KEY (`user_id`) REFERENCES `users` (`id`) ON DELETE CASCADE
) ENGINE=InnoDB AUTO_INCREMENT=101 DEFAULT CHARSET=utf8 COLLATE=utf8_unicode_ci;
/*!40101 SET character_set_client = @saved_cs_client */;

--
-- Dumping data for table `discounts`
--

LOCK TABLES `discounts` WRITE;
/*!40000 ALTER TABLE `discounts` DISABLE KEYS */;
INSERT INTO `discounts` VALUES (1,48,68,40.0000,'2020-10-15 19:14:05','2020-10-01 19:14:05','2013-04-20 05:18:32','2020-10-01 19:14:17'),(2,97,67,40.0000,'2020-10-15 19:14:05','2020-10-01 19:14:05','2019-02-14 06:24:49','2020-10-01 19:14:17'),(3,43,29,40.0000,'2020-10-15 19:14:05','2020-10-01 19:14:05','2012-05-07 12:29:34','2020-10-01 19:14:17'),(4,25,46,40.0000,'2020-10-15 19:14:05','2020-10-01 19:14:05','2013-01-15 20:53:31','2020-10-01 19:14:17'),(5,94,41,40.0000,'2020-10-15 19:14:05','2020-10-01 19:14:05','2012-07-15 04:29:13','2020-10-01 19:14:17'),(6,96,67,40.0000,'2020-10-15 19:14:05','2020-10-01 19:14:05','2016-02-20 15:26:17','2020-10-01 19:14:17'),(7,96,11,40.0000,'2020-10-15 19:14:05','2020-10-01 19:14:05','2019-07-09 03:20:21','2020-10-01 19:14:17'),(8,91,54,40.0000,'2020-10-15 19:14:05','2020-10-01 19:14:05','2017-04-01 20:26:58','2020-10-01 19:14:17'),(9,67,37,40.0000,'2020-10-15 19:14:05','2020-10-01 19:14:05','2019-09-29 15:41:21','2020-10-01 19:14:17'),(10,62,23,40.0000,'2020-10-15 19:14:05','2020-10-01 19:14:05','2012-12-27 06:52:41','2020-10-01 19:14:17'),(11,9,2,40.0000,'2020-10-15 19:14:05','2020-10-01 19:14:05','2013-10-02 04:05:43','2020-10-01 19:14:17'),(12,57,42,40.0000,'2020-10-15 19:14:05','2020-10-01 19:14:05','2013-10-30 04:11:00','2020-10-01 19:14:17'),(13,58,2,40.0000,'2020-10-15 19:14:05','2020-10-01 19:14:05','2013-05-05 03:26:32','2020-10-01 19:14:17'),(14,19,86,40.0000,'2020-10-15 19:14:05','2020-10-01 19:14:05','2014-11-15 18:35:13','2020-10-01 19:14:17'),(15,20,20,40.0000,'2020-10-15 19:14:05','2020-10-01 19:14:05','2012-07-18 18:04:19','2020-10-01 19:14:17'),(16,42,44,40.0000,'2020-10-15 19:14:05','2020-10-01 19:14:05','2014-01-05 12:45:53','2020-10-01 19:14:17'),(17,48,58,40.0000,'2020-10-15 19:14:05','2020-10-01 19:14:05','2012-01-20 15:40:11','2020-10-01 19:14:17'),(18,14,59,40.0000,'2020-10-15 19:14:05','2020-10-01 19:14:05','2012-03-09 20:01:51','2020-10-01 19:14:17'),(19,26,19,40.0000,'2020-10-15 19:14:05','2020-10-01 19:14:05','2015-09-12 18:51:52','2020-10-01 19:14:17'),(20,89,17,40.0000,'2020-10-15 19:14:05','2020-10-01 19:14:05','2015-11-30 13:31:27','2020-10-01 19:14:17'),(21,64,27,40.0000,'2020-10-15 19:14:05','2020-10-01 19:14:05','2017-09-28 10:25:20','2020-10-01 19:14:17'),(22,55,85,40.0000,'2020-10-15 19:14:05','2020-10-01 19:14:05','2020-05-31 07:16:27','2020-10-01 19:14:17'),(23,82,43,40.0000,'2020-10-15 19:14:05','2020-10-01 19:14:05','2013-02-07 09:52:14','2020-10-01 19:14:17'),(24,42,60,40.0000,'2020-10-15 19:14:05','2020-10-01 19:14:05','2011-05-02 03:15:30','2020-10-01 19:14:17'),(25,66,70,40.0000,'2020-10-15 19:14:05','2020-10-01 19:14:05','2015-06-07 13:58:01','2020-10-01 19:14:17'),(26,3,68,40.0000,'2020-10-15 19:14:05','2020-10-01 19:14:05','2010-10-20 20:14:25','2020-10-01 19:14:17'),(27,17,31,40.0000,'2020-10-15 19:14:05','2020-10-01 19:14:05','2020-03-20 03:43:40','2020-10-01 19:14:17'),(28,73,49,40.0000,'2020-10-15 19:14:05','2020-10-01 19:14:05','2016-05-03 05:48:52','2020-10-01 19:14:17'),(29,16,50,40.0000,'2020-10-15 19:14:05','2020-10-01 19:14:05','2012-01-04 21:34:39','2020-10-01 19:14:17'),(30,60,6,40.0000,'2020-10-15 19:14:05','2020-10-01 19:14:05','2017-02-10 05:34:42','2020-10-01 19:14:17'),(31,52,77,40.0000,'2020-10-15 19:14:05','2020-10-01 19:14:05','2015-05-08 06:00:08','2020-10-01 19:14:17'),(32,78,68,40.0000,'2020-10-15 19:14:05','2020-10-01 19:14:05','2018-11-22 20:53:50','2020-10-01 19:14:17'),(33,33,7,40.0000,'2020-10-15 19:14:05','2020-10-01 19:14:05','2011-11-19 04:48:30','2020-10-01 19:14:17'),(34,31,30,40.0000,'2020-10-15 19:14:05','2020-10-01 19:14:05','2016-12-22 13:03:38','2020-10-01 19:14:17'),(35,55,28,40.0000,'2020-10-15 19:14:05','2020-10-01 19:14:05','2019-01-08 12:31:46','2020-10-01 19:14:17'),(36,80,49,40.0000,'2020-10-15 19:14:05','2020-10-01 19:14:05','2017-10-26 06:35:07','2020-10-01 19:14:17'),(37,38,60,40.0000,'2020-10-15 19:14:05','2020-10-01 19:14:05','2014-05-23 20:25:28','2020-10-01 19:14:17'),(38,48,55,40.0000,'2020-10-15 19:14:05','2020-10-01 19:14:05','2015-02-11 10:47:31','2020-10-01 19:14:17'),(39,25,93,40.0000,'2020-10-15 19:14:05','2020-10-01 19:14:05','2017-11-17 02:18:22','2020-10-01 19:14:17'),(40,83,2,40.0000,'2020-10-15 19:14:05','2020-10-01 19:14:05','2012-04-05 17:45:29','2020-10-01 19:14:17'),(41,36,28,40.0000,'2020-10-15 19:14:05','2020-10-01 19:14:05','2014-09-22 08:28:36','2020-10-01 19:14:17'),(42,33,33,40.0000,'2020-10-15 19:14:05','2020-10-01 19:14:05','2019-02-13 16:34:36','2020-10-01 19:14:17'),(43,56,83,40.0000,'2020-10-15 19:14:05','2020-10-01 19:14:05','2019-06-23 17:44:22','2020-10-01 19:14:17'),(44,79,14,40.0000,'2020-10-15 19:14:05','2020-10-01 19:14:05','2010-11-14 13:16:28','2020-10-01 19:14:17'),(45,28,21,40.0000,'2020-10-15 19:14:05','2020-10-01 19:14:05','2013-07-02 03:01:29','2020-10-01 19:14:17'),(46,100,61,40.0000,'2020-10-15 19:14:05','2020-10-01 19:14:05','2016-09-07 15:55:55','2020-10-01 19:14:17'),(47,18,41,40.0000,'2020-10-15 19:14:05','2020-10-01 19:14:05','2018-06-24 08:15:54','2020-10-01 19:14:17'),(48,90,23,40.0000,'2020-10-15 19:14:05','2020-10-01 19:14:05','2015-11-23 09:55:10','2020-10-01 19:14:17'),(49,93,91,40.0000,'2020-10-15 19:14:05','2020-10-01 19:14:05','2014-09-25 19:05:03','2020-10-01 19:14:17'),(50,96,88,40.0000,'2020-10-15 19:14:05','2020-10-01 19:14:05','2013-06-27 02:17:04','2020-10-01 19:14:17'),(51,100,64,40.0000,'2020-10-15 19:14:05','2020-10-01 19:14:05','2016-11-29 14:49:22','2020-10-01 19:14:17'),(52,13,54,40.0000,'2020-10-15 19:14:05','2020-10-01 19:14:05','2011-07-09 01:52:39','2020-10-01 19:14:17'),(53,64,80,40.0000,'2020-10-15 19:14:05','2020-10-01 19:14:05','2015-10-29 19:45:53','2020-10-01 19:14:17'),(54,80,38,40.0000,'2020-10-15 19:14:05','2020-10-01 19:14:05','2011-03-21 02:37:26','2020-10-01 19:14:17'),(55,9,50,40.0000,'2020-10-15 19:14:05','2020-10-01 19:14:05','2014-05-31 18:50:15','2020-10-01 19:14:17'),(56,4,37,40.0000,'2020-10-15 19:14:05','2020-10-01 19:14:05','2015-02-12 14:25:25','2020-10-01 19:14:17'),(57,91,31,40.0000,'2020-10-15 19:14:05','2020-10-01 19:14:05','2015-12-16 08:04:35','2020-10-01 19:14:17'),(58,41,47,40.0000,'2020-10-15 19:14:05','2020-10-01 19:14:05','2019-03-19 18:40:22','2020-10-01 19:14:17'),(59,35,38,40.0000,'2020-10-15 19:14:05','2020-10-01 19:14:05','2017-11-09 02:26:49','2020-10-01 19:14:17'),(60,49,49,40.0000,'2020-10-15 19:14:05','2020-10-01 19:14:05','2019-10-27 09:19:43','2020-10-01 19:14:17'),(61,39,32,40.0000,'2020-10-15 19:14:05','2020-10-01 19:14:05','2018-04-30 22:12:30','2020-10-01 19:14:17'),(62,50,13,40.0000,'2020-10-15 19:14:05','2020-10-01 19:14:05','2016-09-10 10:06:38','2020-10-01 19:14:17'),(63,32,66,40.0000,'2020-10-15 19:14:05','2020-10-01 19:14:05','2011-10-08 16:11:45','2020-10-01 19:14:17'),(64,10,92,40.0000,'2020-10-15 19:14:05','2020-10-01 19:14:05','2012-07-19 16:12:49','2020-10-01 19:14:17'),(65,52,62,40.0000,'2020-10-15 19:14:05','2020-10-01 19:14:05','2016-07-27 03:20:50','2020-10-01 19:14:17'),(66,31,33,40.0000,'2020-10-15 19:14:05','2020-10-01 19:14:05','2018-05-04 19:35:45','2020-10-01 19:14:17'),(67,96,78,40.0000,'2020-10-15 19:14:05','2020-10-01 19:14:05','2015-12-11 15:30:49','2020-10-01 19:14:17'),(68,87,91,40.0000,'2020-10-15 19:14:05','2020-10-01 19:14:05','2018-09-22 14:11:16','2020-10-01 19:14:17'),(69,48,20,40.0000,'2020-10-15 19:14:05','2020-10-01 19:14:05','2012-03-05 23:18:51','2020-10-01 19:14:17'),(70,76,29,40.0000,'2020-10-15 19:14:05','2020-10-01 19:14:05','2015-02-16 06:37:35','2020-10-01 19:14:17'),(71,38,81,40.0000,'2020-10-15 19:14:05','2020-10-01 19:14:05','2017-10-05 17:15:25','2020-10-01 19:14:17'),(72,61,18,40.0000,'2020-10-15 19:14:05','2020-10-01 19:14:05','2014-12-28 18:23:40','2020-10-01 19:14:17'),(73,89,48,40.0000,'2020-10-15 19:14:05','2020-10-01 19:14:05','2016-06-07 08:46:19','2020-10-01 19:14:17'),(74,62,87,40.0000,'2020-10-15 19:14:05','2020-10-01 19:14:05','2015-08-04 16:56:53','2020-10-01 19:14:17'),(75,43,87,40.0000,'2020-10-15 19:14:05','2020-10-01 19:14:05','2012-01-31 06:36:42','2020-10-01 19:14:17'),(76,30,75,40.0000,'2020-10-15 19:14:05','2020-10-01 19:14:05','2015-05-31 18:41:53','2020-10-01 19:14:17'),(77,17,14,40.0000,'2020-10-15 19:14:05','2020-10-01 19:14:05','2012-08-17 21:29:44','2020-10-01 19:14:17'),(78,98,44,40.0000,'2020-10-15 19:14:05','2020-10-01 19:14:05','2013-04-17 19:02:51','2020-10-01 19:14:17'),(79,37,79,40.0000,'2020-10-15 19:14:05','2020-10-01 19:14:05','2016-01-13 14:18:52','2020-10-01 19:14:17'),(80,91,60,40.0000,'2020-10-15 19:14:05','2020-10-01 19:14:05','2019-05-04 08:19:31','2020-10-01 19:14:17'),(81,41,65,40.0000,'2020-10-15 19:14:05','2020-10-01 19:14:05','2014-07-03 05:25:00','2020-10-01 19:14:17'),(82,35,42,40.0000,'2020-10-15 19:14:05','2020-10-01 19:14:05','2011-05-04 19:14:13','2020-10-01 19:14:17'),(83,51,16,40.0000,'2020-10-15 19:14:05','2020-10-01 19:14:05','2018-10-28 10:48:10','2020-10-01 19:14:17'),(84,48,52,40.0000,'2020-10-15 19:14:05','2020-10-01 19:14:05','2018-04-22 06:02:39','2020-10-01 19:14:17'),(85,88,11,40.0000,'2020-10-15 19:14:05','2020-10-01 19:14:05','2020-03-25 22:53:07','2020-10-01 19:14:17'),(86,93,100,40.0000,'2020-10-15 19:14:05','2020-10-01 19:14:05','2015-04-21 17:34:24','2020-10-01 19:14:17'),(87,4,68,40.0000,'2020-10-15 19:14:05','2020-10-01 19:14:05','2014-07-08 17:38:18','2020-10-01 19:14:17'),(88,37,39,40.0000,'2020-10-15 19:14:05','2020-10-01 19:14:05','2014-03-16 04:55:14','2020-10-01 19:14:17'),(89,76,90,40.0000,'2020-10-15 19:14:05','2020-10-01 19:14:05','2010-12-19 08:07:09','2020-10-01 19:14:17'),(90,65,32,40.0000,'2020-10-15 19:14:05','2020-10-01 19:14:05','2013-11-15 14:27:56','2020-10-01 19:14:17'),(91,100,91,40.0000,'2020-10-15 19:14:05','2020-10-01 19:14:05','2011-04-20 17:31:23','2020-10-01 19:14:17'),(92,1,58,40.0000,'2020-10-15 19:14:05','2020-10-01 19:14:05','2011-09-17 21:11:45','2020-10-01 19:14:17'),(93,7,14,40.0000,'2020-10-15 19:14:05','2020-10-01 19:14:05','2019-01-12 12:07:40','2020-10-01 19:14:17'),(94,31,99,40.0000,'2020-10-15 19:14:05','2020-10-01 19:14:05','2011-08-18 01:47:03','2020-10-01 19:14:17'),(95,33,49,40.0000,'2020-10-15 19:14:05','2020-10-01 19:14:05','2016-01-07 01:23:38','2020-10-01 19:14:17'),(96,73,50,40.0000,'2020-10-15 19:14:05','2020-10-01 19:14:05','2013-11-18 05:35:02','2020-10-01 19:14:17'),(97,66,100,40.0000,'2020-10-15 19:14:05','2020-10-01 19:14:05','2017-06-20 16:25:32','2020-10-01 19:14:17'),(98,10,53,40.0000,'2020-10-15 19:14:05','2020-10-01 19:14:05','2014-03-25 11:27:50','2020-10-01 19:14:17'),(99,51,62,40.0000,'2020-10-15 19:14:05','2020-10-01 19:14:05','2012-10-19 21:22:07','2020-10-01 19:14:17'),(100,24,52,40.0000,'2020-10-15 19:14:05','2020-10-01 19:14:05','2019-04-05 11:39:33','2020-10-01 19:14:17');
/*!40000 ALTER TABLE `discounts` ENABLE KEYS */;
UNLOCK TABLES;

--
-- Table structure for table `forum`
--

DROP TABLE IF EXISTS `forum`;
/*!40101 SET @saved_cs_client     = @@character_set_client */;
/*!50503 SET character_set_client = utf8mb4 */;
CREATE TABLE `forum` (
  `id` int unsigned NOT NULL AUTO_INCREMENT,
  `title` varchar(70) CHARACTER SET utf8 COLLATE utf8_unicode_ci NOT NULL,
  `body` text CHARACTER SET utf8 COLLATE utf8_unicode_ci NOT NULL,
  `created_at` datetime DEFAULT CURRENT_TIMESTAMP,
  `updated_at` datetime DEFAULT CURRENT_TIMESTAMP ON UPDATE CURRENT_TIMESTAMP,
  PRIMARY KEY (`id`)
) ENGINE=InnoDB AUTO_INCREMENT=101 DEFAULT CHARSET=utf8 COLLATE=utf8_unicode_ci;
/*!40101 SET character_set_client = @saved_cs_client */;

--
-- Dumping data for table `forum`
--

LOCK TABLES `forum` WRITE;
/*!40000 ALTER TABLE `forum` DISABLE KEYS */;
INSERT INTO `forum` VALUES (1,'Quas ipsa qui occaecati doloribus sit eligendi.','Voluptatem nam occaecati aut quaerat accusamus temporibus repellendus. Laboriosam ab nulla nulla aut molestiae saepe accusantium. Sit mollitia officiis sint explicabo. Et dolorem aspernatur aspernatur.','2016-05-08 01:25:18','2020-10-01 18:14:01'),(2,'Natus quae exercitationem harum totam qui illum temporibus ipsa.','Molestias ipsa enim distinctio eum consequuntur labore. Excepturi consequatur facilis accusamus error tempora veniam voluptas. Fugiat et quia qui.','2011-04-21 12:44:57','2020-10-01 18:14:01'),(3,'Minus eveniet tempora ex est pariatur delectus reprehenderit.','Ut voluptatibus hic sit explicabo quo quia omnis. Voluptas doloribus vitae consequuntur delectus autem sit. Saepe nostrum laboriosam quo aspernatur fugit quia.','2011-10-21 02:00:02','2020-10-01 18:14:01'),(4,'A cupiditate aliquam esse sunt.','Numquam quod omnis in ex quam. Officia libero eveniet molestiae omnis.','2020-07-05 01:38:42','2020-10-01 18:14:01'),(5,'Repudiandae esse dolorum sit ratione qui eum.','Ut et ut et libero. Ea perferendis temporibus asperiores est qui.','2016-11-18 19:59:01','2020-10-01 18:14:01'),(6,'Eveniet ex minima cupiditate.','Quibusdam eaque in eveniet sapiente. Nihil exercitationem eos magnam dolorum voluptatem est illum. Eius error sapiente adipisci.','2015-09-19 10:03:50','2020-10-01 18:14:01'),(7,'Quo rerum libero ut impedit rerum ea ab.','Doloribus atque minima saepe labore laborum sint. Ipsam non commodi commodi. Dolor sunt fuga voluptatem qui commodi.','2014-05-06 04:46:00','2020-10-01 18:14:01'),(8,'Dolor quia voluptatem et accusantium consequuntur velit qui.','Temporibus ea veritatis magnam sequi. Iusto amet officiis repudiandae recusandae. Sed enim nulla voluptates. Et accusamus laboriosam quaerat ad.','2011-04-26 19:57:24','2020-10-01 18:14:01'),(9,'Quia perspiciatis accusantium aperiam velit.','Perspiciatis id tenetur odit temporibus soluta. Pariatur laboriosam autem et qui. Eum rerum autem vel autem explicabo quia labore.','2011-01-21 23:01:56','2020-10-01 18:14:01'),(10,'Molestiae voluptatem rem qui sed velit consequatur qui.','Et aliquam aut consequatur deserunt nulla nam. Quia aut voluptatem natus totam expedita harum aut. Ex vero neque accusantium assumenda aut explicabo harum. Ducimus sit rerum deserunt provident.','2010-12-11 09:40:54','2020-10-01 18:14:01'),(11,'Illum quia beatae tempore consequatur quia omnis voluptas.','Accusantium ipsam officiis officiis suscipit. Id tenetur impedit et. Nam officia modi reiciendis repellat. Consequatur minus aperiam odit id eaque.','2011-03-04 00:10:22','2020-10-01 18:14:01'),(12,'Cumque quia vero modi at.','Distinctio non officia consequuntur temporibus. Earum ratione et nesciunt autem vitae repellat. Et enim autem a a.','2019-01-15 19:50:24','2020-10-01 18:14:01'),(13,'Quasi labore sit inventore et velit.','Et recusandae et earum repudiandae. Odio quaerat saepe suscipit alias ea aut. Non necessitatibus non ipsum. Sed voluptates ut id dicta minima est.','2015-04-28 10:35:52','2020-10-01 18:14:01'),(14,'Deleniti illum qui asperiores eos inventore aperiam.','Qui libero ipsa molestiae illo. Nesciunt qui nulla esse deleniti tempore et quia. Exercitationem et corrupti voluptatem expedita aspernatur nemo sed eos.','2017-10-16 15:37:46','2020-10-01 18:14:01'),(15,'Recusandae ea id dolor accusamus sit facere aut.','Fugiat modi est pariatur deserunt voluptatem molestiae ad qui. Ea itaque magnam qui aut sunt. Accusantium amet ut aliquid voluptate eum.','2012-11-07 11:36:51','2020-10-01 18:14:01'),(16,'Quia dignissimos iste necessitatibus doloremque tempora eum.','Facere nemo et minus eaque praesentium eum amet. Voluptatem et libero recusandae reprehenderit. Ipsum eaque aut officia esse unde quos.','2015-08-01 06:49:49','2020-10-01 18:14:01'),(17,'Sint aperiam et voluptate voluptas beatae.','In unde doloribus occaecati et est. Ab atque repudiandae modi qui quo mollitia occaecati. Nemo eveniet natus explicabo saepe nobis at. Dignissimos in sunt cupiditate quasi earum voluptatibus corrupti. Et recusandae omnis autem est et doloremque et.','2011-02-18 01:43:21','2020-10-01 18:14:01'),(18,'Autem qui repellendus omnis vel eum.','Sit eos aperiam fugiat nemo ut quam velit possimus. Qui et ea necessitatibus id amet nulla libero. Ad quis aspernatur cupiditate molestiae sint veniam sint. Eveniet fugit non et expedita quis. Molestiae ipsa ex quae autem aut debitis itaque.','2013-11-08 21:09:42','2020-10-01 18:14:01'),(19,'Eos est totam optio.','Facilis asperiores tenetur sit rerum quia. Totam eos dicta debitis quidem inventore ipsam ab est. Et quasi ipsa animi id sequi animi.','2014-01-31 23:24:54','2020-10-01 18:14:01'),(20,'Est rerum ea at fuga sit nulla.','Ipsum vel qui rem a quaerat nihil. Odio sunt id maiores. Aut aut placeat amet.','2012-05-22 21:58:04','2020-10-01 18:14:01'),(21,'Omnis reiciendis deserunt hic rerum in.','Quasi ipsam ipsa porro ipsum qui vel. Dolorum vero at sit repellendus dolorem. Quo adipisci alias porro facere ullam maxime.','2019-08-29 02:47:34','2020-10-01 18:14:01'),(22,'Molestiae asperiores voluptas ut eligendi nostrum ratione excepturi.','Doloribus natus vitae commodi. Temporibus debitis corporis iste corporis ut laboriosam quidem. Praesentium ab sint delectus quo. Architecto quae nemo ut et vel omnis.','2014-11-25 19:24:41','2020-10-01 18:14:01'),(23,'Voluptas itaque minima laborum eum autem qui dolor.','Magnam nostrum distinctio nihil error neque eum. Error dolore non mollitia dignissimos voluptatem. Unde autem qui necessitatibus. Quia labore ducimus voluptas quis tempore.','2017-06-07 08:58:15','2020-10-01 18:14:01'),(24,'Odit et rem assumenda aut.','A eum maiores aut dolor non consectetur et. Consequatur a libero veritatis sit earum deleniti dicta est. Et sed ipsum ea ut perferendis nihil facilis. Voluptate vero aliquam praesentium ipsa reprehenderit et.','2015-04-06 19:02:21','2020-10-01 18:14:01'),(25,'Voluptas quidem cupiditate ut doloremque qui enim.','Assumenda quo voluptatem autem non. Cum eos commodi nostrum sapiente quia delectus et. Voluptas placeat laborum nihil itaque suscipit corrupti molestiae aut.','2016-09-10 11:10:42','2020-10-01 18:14:01'),(26,'Dignissimos consequatur nulla consequatur aliquam.','Sed molestias et quo est magni. Et illo voluptates labore occaecati omnis sit. Et non impedit laboriosam.','2017-03-20 17:55:44','2020-10-01 18:14:01'),(27,'Exercitationem velit vel et sed vero.','Consectetur doloremque amet aut laborum quam. Et ut molestias nam quia voluptas perferendis. Dolores aut modi rem id quaerat. Est enim delectus architecto sit.','2015-01-22 08:09:55','2020-10-01 18:14:01'),(28,'Illo quaerat dolorem est.','Voluptatum quod expedita eligendi consequatur sint voluptatem qui. Omnis et blanditiis quam voluptatem quia. Quasi et ex qui et nulla. Nostrum accusamus dolor natus dolore consequatur quam quia. Illo consectetur asperiores enim perferendis fuga soluta.','2011-07-08 03:20:39','2020-10-01 18:14:01'),(29,'Qui numquam harum vel dolor.','Quaerat vel tempora dolorem qui. Et aut porro illum iusto incidunt nemo autem. Expedita est non dolorum rerum laboriosam.','2016-04-25 14:34:37','2020-10-01 18:14:01'),(30,'Maxime id qui inventore iure qui quia et distinctio.','Neque porro maiores sunt nisi cupiditate quo. Officia culpa eum qui voluptatibus omnis et. Veritatis vel saepe ab delectus.','2015-04-22 01:04:17','2020-10-01 18:14:01'),(31,'Voluptatibus voluptatem architecto deserunt dolores vel.','Distinctio vitae expedita non. Dolores consequatur accusantium animi aut et. Possimus aliquam repellat voluptatem delectus fugiat. Est repudiandae dolores quis odit facilis eum consequatur dicta.','2012-03-01 06:41:08','2020-10-01 18:14:01'),(32,'Officia placeat impedit dolorem voluptatibus quisquam.','Expedita eligendi veniam nulla iure mollitia aut totam. Error natus natus omnis aut. Voluptates ut qui eaque ut. Omnis soluta non labore reiciendis.','2011-01-21 20:30:53','2020-10-01 18:14:01'),(33,'Quaerat consequatur ratione ipsum dolor incidunt aperiam.','Nihil asperiores voluptas harum distinctio. Laborum similique inventore error voluptas adipisci ipsa porro nulla. Aut veritatis nobis quia ut. Ut reiciendis officia consequuntur repellat.','2019-10-31 07:01:49','2020-10-01 18:14:01'),(34,'Atque deleniti qui aut voluptate et reiciendis omnis.','Ut est voluptas quo non assumenda quidem. Sed atque consequatur ratione praesentium ut. Dolorem eaque nisi consectetur.','2014-10-30 17:15:21','2020-10-01 18:14:01'),(35,'Voluptas itaque numquam nemo aut.','Aliquam adipisci odio eum ratione. Quia cumque inventore dolor autem sed ut saepe facilis.','2020-03-25 02:03:13','2020-10-01 18:14:01'),(36,'Laborum eum enim id inventore aut.','Et voluptatem sint ut qui ipsam dolor. Impedit voluptatibus nihil aliquam facilis officiis est. Veniam quidem qui deserunt delectus qui dolorum neque.','2011-07-08 10:55:33','2020-10-01 18:14:01'),(37,'Explicabo ut totam neque officia.','Sit repellat aut vitae. Repellat temporibus a enim quae possimus natus omnis.','2015-08-24 11:33:21','2020-10-01 18:14:01'),(38,'Dolorem voluptas asperiores nemo hic.','Aliquid voluptatem sit impedit voluptatum minima laboriosam eveniet odio. Ad fugiat recusandae fugit.','2015-07-14 13:08:52','2020-10-01 18:14:01'),(39,'Ipsum et itaque dolorem rerum minus amet.','Consectetur ipsum dolorem et earum. Rerum quaerat inventore possimus. Deserunt unde labore est iusto illum voluptatem.','2020-04-21 05:45:39','2020-10-01 18:14:01'),(40,'Ut cum voluptates unde.','Doloribus nobis cumque illo expedita perferendis beatae. Expedita laudantium architecto enim similique non autem. Debitis amet qui ut mollitia deleniti sit qui ut.','2012-05-25 04:20:59','2020-10-01 18:14:01'),(41,'Qui quis iure rerum.','Sit nihil non natus rerum voluptatum officia qui. Reprehenderit aut voluptatem placeat nulla rerum repellendus. Ut non odio non dicta voluptas at nobis. Autem quae autem accusamus.','2016-08-06 17:46:17','2020-10-01 18:14:01'),(42,'Totam commodi ut tempora aut repellendus dolorem.','Placeat sed vel repudiandae consequuntur fugiat. Veritatis est dolores earum qui quo. Et soluta commodi voluptas quaerat cupiditate.','2020-02-01 17:16:16','2020-10-01 18:14:01'),(43,'Aspernatur et quasi qui voluptatem.','Ex voluptates aliquam deserunt sed doloremque. Quae explicabo iure doloribus. Voluptatem quasi dolore cumque.','2011-11-07 23:11:25','2020-10-01 18:14:01'),(44,'Labore praesentium sed est fugit voluptatem repellendus impedit.','Impedit molestiae et nesciunt vero non in. Commodi quibusdam impedit tempore quia excepturi ut non. Veniam possimus in voluptatem itaque assumenda modi voluptate praesentium. Aut voluptate minima temporibus autem facilis sunt voluptatem.','2014-04-30 00:49:16','2020-10-01 18:14:01'),(45,'Vero expedita ea et eum quo nulla laboriosam maxime.','Dolorum vel dolorum dolorum dolor illo delectus reprehenderit. Fuga quae eos voluptatem qui quidem temporibus. Animi eveniet fugiat repellendus est temporibus eos itaque.','2020-01-09 04:45:54','2020-10-01 18:14:01'),(46,'Est libero libero earum debitis dicta est.','Est nulla odit nam eos nostrum illum. Aliquam atque aperiam temporibus fuga adipisci facere sed. Earum saepe voluptatum earum suscipit odit itaque dignissimos dolores. Ut voluptates necessitatibus odit quia tempora odio corrupti aut.','2018-08-22 03:35:52','2020-10-01 18:14:01'),(47,'Distinctio cum voluptatibus aut velit maxime dolorem.','Quas ex nihil porro quia enim velit. Tempora perspiciatis et ut qui. Sit quam velit amet eaque. Id quas eaque blanditiis iste voluptas sunt quo.','2017-09-01 20:37:45','2020-10-01 18:14:01'),(48,'Numquam est magni asperiores quas.','Delectus sit aut quasi tempore. Nemo voluptatem eum quo et consequatur velit porro. Aut quaerat laudantium inventore.','2014-06-17 17:43:17','2020-10-01 18:14:01'),(49,'Pariatur in et odio eos harum.','Omnis error nemo explicabo voluptatum nostrum quos. Blanditiis neque molestiae voluptatem est. Ut maiores dolor blanditiis cumque quia. Illo quidem eaque et beatae ipsa nesciunt fuga.','2019-05-18 05:44:05','2020-10-01 18:14:01'),(50,'Ipsam voluptas vitae delectus quas est.','Autem sit officia quo inventore totam accusamus. Modi sunt veritatis quam in doloremque minima. Sit quia aut nam dolores labore.','2017-07-01 07:45:08','2020-10-01 18:14:01'),(51,'Vero dolores illo quis nam sunt quo provident.','Dolores facere molestiae nemo error omnis eos. Id quae excepturi eos delectus libero.','2012-07-01 21:29:20','2020-10-01 18:14:01'),(52,'Deleniti ut voluptas expedita aut reprehenderit ipsam ullam.','Quisquam doloremque soluta ab sed. Error illum inventore totam sed. Sit velit eos facere delectus non. Autem exercitationem ut nulla debitis ab esse corrupti optio.','2011-01-31 03:31:21','2020-10-01 18:14:01'),(53,'Laudantium commodi ex doloribus et tenetur.','Aliquam dolor sunt modi quisquam labore est qui. Eaque autem saepe aut. Ex optio et odit magnam dolorem in quo.','2011-10-31 11:28:52','2020-10-01 18:14:01'),(54,'Minima doloremque sint praesentium enim ex ea et ut.','Consequatur iusto et ipsum eos quo quo nihil. Unde id voluptatem quisquam autem.','2012-09-04 01:08:49','2020-10-01 18:14:01'),(55,'Quo odio sed magnam sunt blanditiis.','Quaerat quia sunt ut sint ducimus. Inventore aut veniam facere. Nam placeat molestiae aliquid voluptatem numquam et.','2018-10-22 08:12:31','2020-10-01 18:14:01'),(56,'Saepe non qui non odit nihil laboriosam eligendi.','Quisquam qui sed veritatis quo. Dolor est et cupiditate ut omnis. Voluptates delectus occaecati debitis perferendis a.','2012-11-14 17:38:11','2020-10-01 18:14:01'),(57,'Libero et exercitationem et optio consequatur et sint.','Nostrum minus quibusdam repudiandae magni harum et. Sequi possimus vero labore error qui hic. Qui perferendis sunt et facere autem adipisci. Sed dolore culpa est consequuntur consequatur et.','2019-02-25 15:13:15','2020-10-01 18:14:01'),(58,'Ipsam dolor perspiciatis perferendis.','Dolore amet dolor in. Et quibusdam sit dolorem repellendus dolorum laudantium dolores. Provident quibusdam reprehenderit quos at culpa rerum. Excepturi itaque iusto dignissimos nulla ipsa ut.','2011-04-29 21:45:00','2020-10-01 18:14:01'),(59,'Et voluptatem saepe incidunt ex totam quos alias ipsam.','Est qui molestias eum quibusdam dicta. Voluptatem rerum et tempore odit. Ut dolores similique nobis magni delectus est amet. Et nesciunt ratione ratione sint.','2017-05-13 18:17:27','2020-10-01 18:14:01'),(60,'Quis tenetur consequuntur non magnam rem non.','Sit maxime atque aut quas et saepe. Dolores animi et debitis officia. Assumenda et consequatur voluptas a. Adipisci sit repudiandae velit sunt molestiae.','2011-11-11 21:28:55','2020-10-01 18:14:01'),(61,'Delectus magnam reiciendis sequi consequuntur totam voluptas a.','Consequatur sit praesentium consequuntur et voluptas laborum alias. Autem et consectetur consequatur vitae delectus nihil voluptatum. Hic enim molestias iste est. Placeat distinctio soluta sed consequuntur minima consequatur.','2016-11-01 00:21:44','2020-10-01 18:14:01'),(62,'Qui enim explicabo in a sit atque.','Voluptas quam ratione sequi perspiciatis nemo et. Sint deleniti voluptatem qui. Quas optio natus velit.','2014-05-29 08:39:30','2020-10-01 18:14:01'),(63,'Laudantium ut excepturi esse culpa et cupiditate optio qui.','Necessitatibus ab ratione dolore ducimus officiis odit iste. Nihil qui ipsa unde itaque dolorem aut. Ratione suscipit quisquam sit unde aliquam nesciunt in. Numquam officiis expedita consequatur voluptatem.','2019-08-17 01:06:05','2020-10-01 18:14:01'),(64,'Nam odio architecto tempore sunt officia ab.','Quos voluptatum et dolore sint debitis rerum. Sunt hic sunt ea modi. Est qui deserunt nobis tempore est ut. Fugiat excepturi animi sint cumque officia nam nisi aut.','2014-07-11 16:18:05','2020-10-01 18:14:01'),(65,'Voluptates maiores tempore doloremque voluptas voluptate asperiores qu','Et vel sed autem eos ipsam omnis. Illo itaque qui nesciunt architecto voluptatem qui. Velit laudantium eaque atque provident qui quod quo.','2017-10-23 05:53:19','2020-10-01 18:14:01'),(66,'Ut et enim dignissimos eveniet error.','Qui occaecati eaque a amet non. Odit voluptas qui vel architecto enim nihil. Quaerat possimus eos delectus eum temporibus ex. Temporibus eveniet est quaerat.','2016-08-18 23:30:48','2020-10-01 18:14:01'),(67,'Labore est vel quos ullam et.','Porro repudiandae labore eveniet tenetur ad blanditiis. Eius totam quis est sit maiores nihil. Praesentium mollitia vel quia nam dolorem.','2018-08-07 12:02:47','2020-10-01 18:14:01'),(68,'Autem nihil ex neque expedita temporibus quo fugit.','Soluta sit aut officiis quaerat. Autem iste quaerat qui et sunt sint. Nobis inventore est adipisci cumque culpa voluptatem. Sunt dicta magnam qui repellat explicabo illo.','2019-04-24 07:51:41','2020-10-01 18:14:01'),(69,'Delectus doloremque esse perspiciatis repellendus suscipit neque unde.','Quas repellat quae autem doloremque optio esse. Est libero qui voluptatibus neque qui accusamus. Deserunt commodi dignissimos qui laborum neque et laboriosam vitae. Ut qui mollitia vel perferendis non. Praesentium magnam voluptate quam.','2011-06-14 01:16:17','2020-10-01 18:14:01'),(70,'Ex necessitatibus possimus totam atque beatae eius ut.','Quam odit voluptas dolore odio tempora ad. Consequuntur et eos adipisci nesciunt similique labore. Temporibus quo ducimus distinctio eos repellat expedita. Est quaerat quia dolores doloribus.','2012-02-24 06:05:02','2020-10-01 18:14:01'),(71,'Sed ut explicabo voluptates perspiciatis.','Quae mollitia dolor et sint voluptas. Rem consequatur et nihil optio. Sint et aut voluptatem sit nemo aperiam.','2011-07-07 06:16:10','2020-10-01 18:14:01'),(72,'Dolore voluptatum inventore ex et exercitationem nobis ab.','Fugit commodi quaerat libero voluptatum qui nostrum perferendis. Rerum aut dolor nobis sunt. Similique quis voluptatibus culpa numquam nemo id earum.','2018-07-13 10:05:46','2020-10-01 18:14:01'),(73,'Dicta quaerat quisquam est natus distinctio.','Natus fugiat vitae sit necessitatibus animi ad officia. Qui alias quia cupiditate consectetur commodi voluptatem iure et. Sint ducimus voluptatem aut rem reprehenderit dolorem non. Cum sunt et maiores.','2013-01-28 02:28:53','2020-10-01 18:14:01'),(74,'Doloremque tempore dolores ratione non reiciendis.','Esse dolores incidunt eum ipsum qui. Sint molestias aliquid magni tempore culpa sunt. Aut voluptatem aspernatur ipsa excepturi aut ut.','2014-01-08 06:52:04','2020-10-01 18:14:01'),(75,'Maiores consequatur et et explicabo qui ut.','Laudantium minus labore odit nobis praesentium. Consequuntur in ut fugit quis voluptatem exercitationem odio. Maxime voluptatibus aliquid dicta soluta deserunt animi omnis.','2014-07-12 05:24:25','2020-10-01 18:14:01'),(76,'Ut explicabo eveniet eaque eligendi.','Veritatis hic aut omnis recusandae. Doloribus ut et dolores suscipit eum cum. Id quam inventore cumque consequatur esse et id sed. Rerum necessitatibus laudantium inventore. Doloribus maxime iste velit a.','2013-02-10 01:22:51','2020-10-01 18:14:01'),(77,'Odio nulla autem blanditiis id mollitia quam.','Ipsam nobis perferendis qui veniam. Id fugit voluptatem in deleniti corporis. Nihil id dolorum quia itaque vel sed sit. Dicta nemo fugiat consequatur neque quo beatae. Doloremque ducimus repudiandae quam atque ipsum et quis.','2019-08-19 09:49:36','2020-10-01 18:14:01'),(78,'Necessitatibus aut architecto numquam natus recusandae quam dolores.','Quam vitae at laborum asperiores non beatae quasi. Eius corporis rem reiciendis recusandae ad. Amet perferendis magni qui a. Qui amet sunt incidunt.','2016-11-29 11:56:05','2020-10-01 18:14:01'),(79,'Culpa nam doloremque quibusdam consequatur sit non.','Perspiciatis alias ut ut et. Dolor architecto voluptas alias cum est voluptate cupiditate. Maiores et quaerat possimus laudantium nihil sequi tenetur error. Et ut eaque possimus nisi cupiditate assumenda labore. Libero voluptas sapiente est ut dolore id minus.','2020-03-15 12:07:19','2020-10-01 18:14:01'),(80,'Repudiandae ut ullam nisi accusantium rerum ab.','Quia deserunt omnis possimus omnis odio labore deserunt. Vel enim ut molestias omnis aut animi.','2019-09-27 06:20:46','2020-10-01 18:14:01'),(81,'Inventore est numquam sed.','Temporibus asperiores est eius facere. Sunt modi aut rem voluptas odio aut. Rerum qui corporis repellendus deleniti ex. Possimus minima laudantium dolore dicta eligendi.','2015-07-03 07:17:48','2020-10-01 18:14:01'),(82,'Dolores et dolores odit non consequatur.','Consequatur et molestiae et ea est magni qui. Dicta et et magnam nesciunt qui. Dolor porro quisquam assumenda sit eius. Non ipsam perspiciatis repellendus quia aut harum veritatis ipsa.','2019-03-18 08:34:35','2020-10-01 18:14:01'),(83,'Cupiditate vitae dolorem in.','Unde velit voluptas quia sed voluptatem. Quia et neque blanditiis exercitationem harum nihil vel. Praesentium voluptas nobis molestiae.','2018-02-11 05:55:11','2020-10-01 18:14:01'),(84,'Eos est eveniet nostrum eius officia.','Et nostrum inventore ducimus laboriosam deleniti qui. Unde nam qui quia ducimus qui. Occaecati praesentium et accusamus qui sed voluptatem rerum. Fugit iusto veniam earum placeat veniam et et.','2018-09-17 20:17:57','2020-10-01 18:14:01'),(85,'Perspiciatis et aut voluptatem odio nemo placeat labore.','Asperiores voluptatum dignissimos exercitationem cum. Odio error optio dolore voluptatem id adipisci. Optio pariatur recusandae mollitia amet dolorum facilis facere possimus. Non quo quia sit aspernatur quaerat quo.','2015-06-12 16:03:03','2020-10-01 18:14:01'),(86,'Minima aut voluptate neque ea id.','Numquam sapiente quidem consequuntur qui. Perferendis aliquam est perferendis molestiae ut sed in. Tempora adipisci odit doloremque. Qui voluptas adipisci aspernatur quaerat sit quos.','2016-06-18 22:09:38','2020-10-01 18:14:01'),(87,'Et molestiae doloremque unde numquam nobis est.','Aspernatur sunt occaecati officia perspiciatis est. Veritatis fugit hic debitis itaque reprehenderit maxime. Nulla inventore ea dolor asperiores.','2017-01-18 00:44:02','2020-10-01 18:14:01'),(88,'Temporibus atque vel corrupti.','Molestias qui officiis ipsum autem et quis odio. Amet et qui molestias dolores dolores voluptatem distinctio ab. Et iusto dolor possimus est est. Sed sint quibusdam suscipit cupiditate. Quia sapiente esse eos autem ut consectetur.','2015-03-14 14:51:16','2020-10-01 18:14:01'),(89,'Quis tempore repudiandae quae quo culpa occaecati omnis.','Tenetur aut eos aut consequatur necessitatibus alias. Blanditiis provident hic aut.','2011-10-03 03:33:22','2020-10-01 18:14:01'),(90,'Beatae amet quasi odit odio dolor molestias ea.','Dolore provident nihil excepturi. Soluta vel numquam est. Rerum iusto voluptatem sunt deleniti.','2012-05-02 04:19:17','2020-10-01 18:14:01'),(91,'Sed delectus occaecati est debitis earum.','Est quis rerum nam unde aliquid nam. Quibusdam consequuntur minus modi quae quam quia animi. Facilis quaerat officia quo omnis tempora illo facere dignissimos. Sed sapiente veritatis nihil.','2014-09-07 13:01:40','2020-10-01 18:14:01'),(92,'Nulla provident dolores recusandae et corrupti dignissimos quos.','Ea vero quo omnis consequatur quo et molestiae. Mollitia corporis voluptas ipsum ea. Iste animi nisi placeat excepturi. Qui deleniti molestias iusto officia dolores.','2014-06-08 09:35:30','2020-10-01 18:14:01'),(93,'Suscipit nisi suscipit maiores repellat beatae ut voluptate ex.','Mollitia saepe ducimus voluptate porro nisi aspernatur. Quis earum et nulla quia quaerat. Optio debitis earum molestiae quod ducimus. Sunt rerum unde corporis et cupiditate.','2016-08-28 16:58:35','2020-10-01 18:14:01'),(94,'Ipsa aliquam nostrum velit voluptatem ut.','Hic ut at ullam sed quia maxime. Voluptas distinctio ut dolor aliquam sunt cum modi expedita. Ipsam animi dolor ut in saepe. Et maiores voluptas quis ut repellendus.','2014-12-22 08:06:01','2020-10-01 18:14:01'),(95,'Dolore ea et quasi veritatis fugit numquam tempore.','Facilis blanditiis qui ipsum error. Est quia ex alias ipsam ut. Explicabo tenetur autem inventore dolore ex architecto voluptates aut. Tempora eos aut tempore voluptas deleniti vel maxime.','2015-03-03 23:42:11','2020-10-01 18:14:01'),(96,'Rem laborum suscipit quia officiis.','Maiores beatae quam alias reiciendis aut vero. Vero similique minus sequi esse repellat aut soluta. Maiores dignissimos quia perspiciatis totam est.','2016-06-27 02:36:38','2020-10-01 18:14:01'),(97,'Est veritatis accusantium omnis accusamus repellat.','Quam enim dolorem asperiores. Voluptatibus assumenda quo blanditiis rerum. Corporis culpa beatae sit voluptates culpa non. Amet sint eum quis et distinctio est qui vero.','2011-01-01 11:46:13','2020-10-01 18:14:01'),(98,'Harum reiciendis ea debitis a id qui debitis.','Voluptas ex sunt molestias. Laborum asperiores excepturi fuga optio repellendus. Blanditiis et dolorem eum corrupti quos nihil et. Esse ratione officiis ut deserunt assumenda tempora.','2020-04-30 20:30:57','2020-10-01 18:14:01'),(99,'Quia consequatur porro minus ipsum.','Veritatis doloribus explicabo optio officia. Excepturi dolorum iusto placeat error quo doloribus molestiae. Quia corrupti harum non necessitatibus et omnis.','2019-01-02 20:10:03','2020-10-01 18:14:01'),(100,'Ullam non possimus delectus doloribus harum sint.','Dolores minima harum suscipit consequatur aut et. Minus qui similique distinctio ut nihil dolorem. Magnam impedit consequatur qui est occaecati.','2013-04-29 06:47:54','2020-10-01 18:14:01');
/*!40000 ALTER TABLE `forum` ENABLE KEYS */;
UNLOCK TABLES;

--
-- Table structure for table `forum_posts`
--

DROP TABLE IF EXISTS `forum_posts`;
/*!40101 SET @saved_cs_client     = @@character_set_client */;
/*!50503 SET character_set_client = utf8mb4 */;
CREATE TABLE `forum_posts` (
  `id` int unsigned NOT NULL AUTO_INCREMENT,
  `forum_id` int unsigned NOT NULL,
  `from_user_id` int unsigned NOT NULL,
  `to_user_id` int unsigned NOT NULL,
  `body` text CHARACTER SET utf8 COLLATE utf8_unicode_ci NOT NULL,
  `created_at` datetime DEFAULT CURRENT_TIMESTAMP,
  `updated_at` datetime DEFAULT CURRENT_TIMESTAMP ON UPDATE CURRENT_TIMESTAMP,
  PRIMARY KEY (`id`),
  KEY `forum_posts_forum_id_fk` (`forum_id`),
  KEY `forum_posts_from_user_id_fk` (`from_user_id`),
  KEY `forum_posts_to_user_id_fk` (`to_user_id`),
  CONSTRAINT `forum_posts_forum_id_fk` FOREIGN KEY (`forum_id`) REFERENCES `forum` (`id`) ON DELETE CASCADE,
  CONSTRAINT `forum_posts_from_user_id_fk` FOREIGN KEY (`from_user_id`) REFERENCES `users` (`id`) ON DELETE CASCADE,
  CONSTRAINT `forum_posts_to_user_id_fk` FOREIGN KEY (`to_user_id`) REFERENCES `users` (`id`) ON DELETE CASCADE
) ENGINE=InnoDB AUTO_INCREMENT=101 DEFAULT CHARSET=utf8 COLLATE=utf8_unicode_ci;
/*!40101 SET character_set_client = @saved_cs_client */;

--
-- Dumping data for table `forum_posts`
--

LOCK TABLES `forum_posts` WRITE;
/*!40000 ALTER TABLE `forum_posts` DISABLE KEYS */;
INSERT INTO `forum_posts` VALUES (1,87,28,45,'Quod nemo perspiciatis repellat quo. Vel itaque molestias aut soluta et. Perferendis architecto repellendus consequuntur a. Aut recusandae quibusdam ratione voluptatem molestias.','2014-05-31 11:53:28','2020-10-01 19:25:01'),(2,28,51,96,'Modi odio eum exercitationem debitis voluptas omnis. Enim aut tempora in aut. Vel nisi vero doloribus exercitationem aut.','2010-12-29 01:31:57','2020-10-01 19:25:01'),(3,77,72,41,'Corrupti modi voluptatem hic debitis illo. Voluptas atque dolore animi est. Accusamus assumenda totam quia et suscipit vero sed.','2015-02-03 19:31:39','2020-10-01 19:25:01'),(4,99,4,19,'Consequatur est delectus voluptas. Sed unde animi iusto sed fugit perferendis perferendis. Vel quia quia unde qui. Tempora eius impedit qui dolores et.','2016-08-05 01:12:01','2020-10-01 19:25:01'),(5,66,4,69,'Distinctio blanditiis perspiciatis ex quo aut non sit necessitatibus. Ipsa tempore qui labore est. Labore culpa adipisci eius enim esse non.','2013-06-03 10:25:45','2020-10-01 19:25:01'),(6,31,6,90,'Aut atque reprehenderit voluptatem in ab ut ipsa. Et sit atque tempora et. Aut voluptas sit sed possimus ducimus ab numquam. Debitis a enim sit natus quisquam possimus et earum.','2012-12-20 15:21:21','2020-10-01 19:25:01'),(7,58,20,42,'Est fuga occaecati excepturi. Non minus voluptatem vel natus sunt aliquid voluptatem.','2019-10-04 08:32:27','2020-10-01 19:25:01'),(8,94,81,40,'Ea quis magni placeat nesciunt dolores necessitatibus expedita. Saepe reprehenderit quia tempora necessitatibus ducimus eum. Mollitia facere qui dolores non quod alias. Dolor rerum iste magni dolor expedita.','2015-10-28 04:02:35','2020-10-01 19:25:01'),(9,95,44,72,'Quo ducimus magnam placeat eum vitae laborum. Voluptatibus molestias voluptas molestiae maiores eos perspiciatis modi. Dolore quisquam soluta non aut officiis.','2011-01-17 06:37:12','2020-10-01 19:25:01'),(10,95,79,42,'Quidem ut inventore delectus occaecati et facere aut. Est dolores modi tenetur vero fugiat. Consequatur quo optio unde dolorem impedit sunt similique non. Sed fugiat et non aut omnis dolor exercitationem.','2018-07-28 22:44:14','2020-10-01 19:25:01'),(11,88,60,90,'Praesentium error totam facere repellendus nihil veniam dolorum. Cumque suscipit officiis sit repudiandae nesciunt nostrum perspiciatis. Quia eligendi omnis blanditiis impedit voluptatem.','2012-01-25 02:04:02','2020-10-01 19:25:01'),(12,53,62,26,'Eos est omnis sint odio. Laudantium excepturi qui cumque voluptas. Commodi aliquam quibusdam placeat praesentium ea natus. Occaecati at cupiditate voluptas labore eaque quo culpa.','2014-03-22 23:26:26','2020-10-01 19:25:01'),(13,3,28,60,'Rerum eaque sed animi mollitia ratione eos. Omnis nobis esse delectus pariatur est excepturi eveniet. Eius eum tempora eius. Qui dignissimos placeat iure.','2019-04-19 03:07:29','2020-10-01 19:25:01'),(14,54,57,19,'Dolorem ut ullam natus eum sed. Necessitatibus reiciendis nostrum dolorem enim nesciunt est debitis vitae. Facilis consectetur maxime dicta aut. Officiis accusantium et similique nostrum voluptatibus.','2017-07-25 15:13:25','2020-10-01 19:25:01'),(15,62,97,16,'Animi recusandae exercitationem maxime nobis molestias est. Sapiente mollitia reiciendis aut adipisci error. At aut aperiam sit soluta id.','2016-11-14 10:48:25','2020-10-01 19:25:01'),(16,48,16,22,'Ut asperiores iusto quam nihil nisi. Quo molestias perspiciatis exercitationem deleniti. Quia nobis nesciunt quia inventore.','2018-02-14 22:49:19','2020-10-01 19:25:01'),(17,51,89,62,'Perspiciatis incidunt sunt enim. Quis enim aliquid quis nihil officiis reprehenderit qui. Optio in ad eos impedit voluptatibus. Qui voluptatem sint quia iure nostrum dignissimos repellat.','2016-08-23 14:41:30','2020-10-01 19:25:01'),(18,13,97,44,'Quas quisquam possimus id quasi. Quisquam labore dolor porro eveniet sapiente.','2015-10-10 05:40:22','2020-10-01 19:25:01'),(19,10,17,32,'Et eveniet hic tenetur iste laudantium voluptatem explicabo soluta. Non qui quia debitis ut nulla eligendi neque et. Voluptatem accusamus aut ut dolores vitae. Eum minus optio officia corrupti recusandae sit.','2014-08-21 12:40:31','2020-10-01 19:25:01'),(20,11,92,27,'Quibusdam harum incidunt vel voluptatum. Et repellendus facere eum ratione. Ut aut itaque in et doloribus asperiores. Illum pariatur nemo quia.','2013-12-16 16:15:18','2020-10-01 19:25:01'),(21,23,8,40,'Sapiente et quae inventore et quasi in laudantium. Sunt aut eius impedit. Et et porro repellendus. Dolor dignissimos sed facere nihil.','2012-11-16 17:51:47','2020-10-01 19:25:01'),(22,83,66,18,'Id et amet molestiae. Quisquam nesciunt aspernatur rerum incidunt quasi nulla. Aperiam consequatur veritatis modi consequatur ut similique voluptas.','2014-07-16 13:05:50','2020-10-01 19:25:01'),(23,44,4,71,'Qui qui delectus et delectus. Natus qui vel totam impedit rerum ut. Molestiae nulla veritatis sunt sint corporis magni est. Dignissimos assumenda accusamus facere accusamus id ducimus.','2015-12-12 06:48:34','2020-10-01 19:25:01'),(24,69,23,1,'Adipisci qui voluptas reiciendis dicta iure. Nemo nemo dignissimos quia. Autem modi repudiandae consequatur pariatur cumque quae facilis. Blanditiis odio ut dicta laboriosam laboriosam.','2018-10-20 10:00:28','2020-10-01 19:25:01'),(25,16,3,89,'Eligendi qui voluptates vitae molestias explicabo sit. Molestiae accusamus quia maxime perspiciatis eaque ex dolorem suscipit. Quidem doloremque nobis et in iusto qui.','2015-10-24 14:25:02','2020-10-01 19:25:01'),(26,70,46,45,'Sequi vero dicta ea nihil. Quis non consequuntur ut consequuntur et voluptatum. Qui nobis nihil voluptatibus sed quidem et. Officia laborum aliquid fuga accusamus architecto rerum.','2016-11-03 10:16:47','2020-10-01 19:25:01'),(27,2,19,54,'Labore eligendi rerum quia cum. Repudiandae ullam aut impedit commodi qui amet. Quo maxime quos voluptas voluptatem beatae. Voluptates odit non eos aut ea voluptas corrupti.','2011-11-13 12:47:00','2020-10-01 19:25:01'),(28,98,57,34,'A cum provident et rerum alias id beatae. Enim expedita aut voluptas quis. Non vitae est eveniet consectetur. Est totam fugiat autem.','2012-11-04 06:33:01','2020-10-01 19:25:01'),(29,84,29,9,'Fugiat qui exercitationem ab nobis odio. Cupiditate reprehenderit et quisquam et quia enim. Quod non quisquam ad impedit et vel harum perspiciatis. Odit quod possimus iste error molestiae distinctio. Voluptatem maxime enim recusandae dolor corporis quaerat fuga.','2020-06-21 09:50:24','2020-10-01 19:25:01'),(30,25,74,44,'Occaecati placeat beatae commodi voluptatem temporibus. Eum velit ab eos nulla nihil. Dolores eaque repellat consectetur id voluptatibus.','2012-01-28 08:07:50','2020-10-01 19:25:01'),(31,72,83,93,'Libero facere ea consectetur. Eius veniam accusamus accusantium error est molestiae aspernatur. Quod labore dolorem expedita libero expedita. Asperiores iusto corrupti deserunt enim. Ut neque voluptas reprehenderit iusto.','2015-04-23 22:43:47','2020-10-01 19:25:01'),(32,86,89,31,'Ut eos cumque enim porro dolores id sed porro. Soluta quis qui alias voluptas. Quis aliquam laborum asperiores quibusdam.','2012-05-05 16:05:00','2020-10-01 19:25:01'),(33,13,99,74,'Id eligendi ea doloremque assumenda rerum ut. Enim aut ullam eos. Quos ut adipisci necessitatibus facere.','2011-08-30 06:00:05','2020-10-01 19:25:01'),(34,7,27,79,'Eligendi voluptatem occaecati et eum. Rem quis officiis voluptates similique quia aut. Culpa quasi et tempore delectus expedita.','2020-07-06 22:48:17','2020-10-01 19:25:01'),(35,94,36,73,'Ducimus possimus dignissimos nesciunt enim deleniti rerum in. Quaerat est aut delectus animi fugit aut. Quia ex numquam dolores tempore et. Et nihil facere expedita quis id.','2016-12-18 01:41:18','2020-10-01 19:25:01'),(36,50,100,26,'Aut ex sapiente autem. Facere quis magni suscipit voluptatum. Quidem ratione sed nemo nesciunt nisi quae.','2015-07-13 02:32:59','2020-10-01 19:25:01'),(37,68,91,12,'Repellendus vitae accusamus quas aut tenetur. Ipsum omnis vel minima quo. Aliquid voluptatem veniam ut vel enim beatae. Eos ratione explicabo quo.','2015-01-11 11:53:23','2020-10-01 19:25:01'),(38,87,56,79,'Non et sapiente rerum hic sit. Dolorum voluptatem ut vero qui sed esse qui. Est voluptates aut sunt perspiciatis animi ullam.','2011-10-17 20:03:52','2020-10-01 19:25:01'),(39,32,6,59,'Iure ex et corporis quis. Doloribus repellat quas earum dolorem. Eligendi culpa voluptas aut ut.','2018-01-23 21:14:57','2020-10-01 19:25:01'),(40,98,61,58,'Asperiores corporis ea nihil sit quis in vel. Eum voluptatibus harum quod nemo et. Corrupti odit quam dolore quis sit voluptas voluptatibus. Non quidem aliquid laboriosam repellat voluptas quis voluptatem.','2010-10-12 01:39:25','2020-10-01 19:25:01'),(41,94,87,15,'Ea recusandae recusandae aspernatur est quidem architecto. Ducimus qui modi voluptatem quis eius. Sed odio explicabo nihil enim aut ipsam quasi laudantium.','2017-01-05 15:42:15','2020-10-01 19:25:01'),(42,76,51,97,'Tenetur consequatur facilis sit ullam. Ad ut voluptatum possimus minus sunt rem velit. Aut aut non sunt et ea.','2011-09-02 02:45:46','2020-10-01 19:25:01'),(43,97,95,39,'Minus esse et et delectus aperiam. Et reprehenderit nisi est tempore. Delectus rerum veritatis nesciunt et voluptatum. Pariatur eligendi deserunt ullam.','2017-11-08 00:41:37','2020-10-01 19:25:01'),(44,55,19,6,'Laborum vel ad rem ut fuga occaecati consequuntur ratione. Perferendis fugit est qui ut maiores corrupti enim.','2012-05-03 00:11:59','2020-10-01 19:25:01'),(45,83,12,12,'Rem aspernatur corrupti atque dolores debitis. Sequi perspiciatis neque sit inventore est id. Exercitationem iure aut aut id nobis sapiente enim.','2017-11-27 19:11:51','2020-10-01 19:25:01'),(46,52,100,43,'Vitae et consequatur non. Possimus ut odit consectetur qui deleniti nihil. Tempore ut omnis est. Rerum quo quia omnis et fugit.','2019-10-06 00:51:05','2020-10-01 19:25:01'),(47,8,63,78,'Officiis expedita alias quo suscipit. Voluptates cumque sint ducimus possimus. Totam non occaecati qui quo consequatur quia aliquid harum. Dolorum ut dolorem rerum consequatur architecto placeat recusandae.','2012-03-14 06:37:40','2020-10-01 19:25:01'),(48,86,15,60,'Doloremque ad est cumque dolores harum. Expedita consequatur consequatur cupiditate perspiciatis deleniti consequatur quod. Non qui dicta tenetur id qui necessitatibus. Sit odio quisquam sit eligendi.','2013-12-06 07:12:42','2020-10-01 19:25:01'),(49,4,86,67,'Voluptate inventore quod voluptates delectus quia nisi. Dolorem hic ut ut. Voluptas reprehenderit debitis tenetur occaecati qui animi dignissimos. Aspernatur eligendi voluptatum voluptate sint velit et.','2012-01-10 08:54:46','2020-10-01 19:25:01'),(50,60,85,55,'Dolores et enim exercitationem. Exercitationem atque ut beatae aspernatur culpa officiis. Quaerat dolor aut perspiciatis nulla aspernatur architecto. Repellendus id quae est at explicabo quasi consequatur.','2017-09-06 15:01:46','2020-10-01 19:25:01'),(51,88,66,73,'Earum veniam rerum ad harum sunt eos. Et quibusdam veritatis eum laboriosam est libero illum sed. Eum id quia omnis quod laborum. Facere corporis velit iure excepturi velit.','2017-01-12 02:13:12','2020-10-01 19:25:01'),(52,61,73,100,'Est ipsum expedita qui porro quibusdam deserunt. Aut et fugiat exercitationem dignissimos temporibus voluptas. Veniam qui doloremque blanditiis iure suscipit est qui.','2014-03-14 04:34:09','2020-10-01 19:25:01'),(53,39,67,79,'Culpa consequatur ad temporibus vero autem modi. Asperiores iure odit omnis qui temporibus voluptatibus ea. Magnam quis sint aspernatur sed maxime rerum in. Optio sunt laborum ut non.','2019-03-06 06:30:24','2020-10-01 19:25:01'),(54,13,17,96,'Totam dolorem odit ut provident voluptatem consequatur. Quae consequatur porro eum expedita nesciunt. Nihil pariatur quae harum totam sunt sint minus.','2011-11-01 01:24:10','2020-10-01 19:25:01'),(55,48,85,40,'Earum et cupiditate et eaque praesentium nam quis. Recusandae autem libero id dolorem eum cum. Atque ut sit et facere dolorum quos sit ea. Porro qui sint pariatur accusamus.','2012-02-26 07:48:23','2020-10-01 19:25:01'),(56,1,71,12,'Aspernatur ut quia dolorum quisquam. Ipsum harum eveniet error. Odio aut iste architecto aliquam quidem nemo cumque.','2020-07-01 04:14:05','2020-10-01 19:25:01'),(57,59,2,40,'Qui deserunt sunt est inventore. Inventore at voluptatibus fugiat eos assumenda vero animi. Incidunt non et ipsum recusandae qui neque.','2018-01-08 12:41:35','2020-10-01 19:25:01'),(58,92,93,64,'Adipisci ut quod a incidunt explicabo molestias. Quam natus labore dolorum doloremque dolore iusto aperiam. Asperiores tempore voluptatem et et.','2018-01-02 20:27:44','2020-10-01 19:25:01'),(59,81,62,1,'Sint facilis dolor omnis et est. Excepturi facilis tenetur aut est eos consequuntur ut. Soluta placeat ex accusamus quisquam et nam. Voluptatem commodi aut officia.','2015-04-22 23:31:38','2020-10-01 19:25:01'),(60,30,27,10,'Quis doloribus eaque aut. Beatae et vitae qui inventore consequatur quo. Qui maxime est laudantium. Possimus numquam ullam quibusdam veritatis quis possimus consectetur.','2013-08-27 21:11:37','2020-10-01 19:25:01'),(61,4,50,46,'Ea perspiciatis facere quia assumenda quia qui optio quaerat. Voluptas cum corporis doloremque velit aut eveniet necessitatibus. Aut sed accusamus rem voluptatem quasi. Aut reprehenderit libero perferendis illo esse vel odio.','2014-08-08 00:16:41','2020-10-01 19:25:01'),(62,33,70,99,'Vitae ducimus quo sint aut dolor omnis animi. Reprehenderit nihil est fugit vero officiis est dolor aut. Quod consectetur officiis consequatur tenetur minima enim velit. Et veritatis sunt eum accusamus ullam ipsa.','2016-10-04 04:12:30','2020-10-01 19:25:01'),(63,52,99,57,'Quam eos beatae beatae sint omnis. Aut et tenetur omnis voluptas.','2017-12-16 07:58:12','2020-10-01 19:25:01'),(64,59,86,87,'Ipsum ut dicta similique deleniti. Velit quod ut odio autem. Nihil incidunt ut in voluptates dolorem labore omnis in. Nihil distinctio voluptatem et itaque.','2014-05-25 14:14:01','2020-10-01 19:25:01'),(65,38,29,65,'Molestiae perspiciatis distinctio laboriosam nulla. Et quidem qui rem excepturi. Cumque eos minima velit rerum omnis quae accusantium. Nam est et sequi quae voluptate.','2019-11-26 04:26:08','2020-10-01 19:24:58'),(66,14,90,61,'Exercitationem velit corrupti distinctio molestiae. Earum repudiandae similique veniam quam. Dolores voluptatibus fuga quae cumque. Voluptas ullam dolorum in eveniet.','2018-01-27 02:34:19','2020-10-01 19:25:01'),(67,53,60,12,'Consequatur sit enim autem voluptatum qui necessitatibus. Minus tempore nostrum et earum quia voluptas maiores. Nisi quasi autem libero fugiat veritatis.','2018-04-24 13:06:43','2020-10-01 19:25:01'),(68,25,29,78,'Voluptatem qui vel minus omnis sit autem consequatur. Non aut atque et fuga magni soluta. Neque ut excepturi nemo rerum voluptatem eveniet.','2019-08-14 19:41:43','2020-10-01 19:25:01'),(69,66,64,51,'Dignissimos rem ut consectetur nihil officiis corrupti totam. Perspiciatis provident minima vitae nulla eos in. Perspiciatis ut aliquam officiis. Perferendis consequatur corrupti laboriosam et quos. Explicabo placeat delectus quam eos illum aut.','2016-03-05 21:51:42','2020-10-01 19:25:01'),(70,53,33,21,'Officia dolores architecto non sapiente rerum voluptas. Occaecati qui aspernatur nobis id quasi minus aperiam. Nostrum fuga dolores quia doloribus est enim. Laborum ab sed facere quos. Necessitatibus voluptas doloribus possimus sit perferendis.','2016-10-11 11:09:41','2020-10-01 19:25:01'),(71,68,75,52,'Totam enim accusantium magni. Voluptas minima blanditiis eveniet maxime.','2010-10-04 00:39:50','2020-10-01 19:25:01'),(72,79,73,98,'Omnis aut et aspernatur quod eum autem. Quibusdam beatae quas facilis sit itaque et. Cumque amet quia qui eos at inventore. Voluptate quia optio optio et.','2013-03-29 03:12:10','2020-10-01 19:25:01'),(73,89,41,33,'Placeat ea libero est voluptatibus. Et quis ut ut quas. Est odio dolores vel aperiam. Aliquam molestiae quis quidem aut quia quo consectetur. Id dolorem inventore facere illum dolores.','2016-10-11 04:52:13','2020-10-01 19:25:01'),(74,10,86,70,'Et harum ad et. Illum maxime voluptatum neque debitis et.','2013-04-14 20:43:21','2020-10-01 19:25:01'),(75,80,4,49,'Et in voluptas alias dolor ut non incidunt. Et consectetur blanditiis et. Id ratione autem commodi ratione ratione molestiae. Praesentium quod sit aut qui expedita voluptas aliquid dolore.','2011-09-03 03:29:07','2020-10-01 19:25:01'),(76,69,64,38,'Delectus hic fugit at blanditiis voluptatem. Voluptatem consequatur minima dolorem necessitatibus. Itaque quo enim qui debitis delectus amet.','2019-10-27 05:30:18','2020-10-01 19:25:01'),(77,7,6,39,'Vero neque voluptatem atque quia fugiat quibusdam. Minima temporibus ducimus maxime sit voluptatibus quas rerum. Dolorem nostrum quia unde optio.','2016-12-21 12:12:00','2020-10-01 19:25:01'),(78,25,39,82,'Commodi amet odit quia. Esse dolorem et reprehenderit voluptates. Vel quia quis molestias ut.','2017-06-17 15:29:46','2020-10-01 19:25:01'),(79,5,78,92,'Quod dolorum error vitae. Maxime possimus nobis odit. Reprehenderit sed et ducimus et nesciunt totam ut.','2016-05-07 08:51:13','2020-10-01 19:25:01'),(80,48,70,15,'Numquam dolor minus laudantium enim molestiae. Aut repellat in nobis omnis accusamus minima. Quasi suscipit eligendi velit porro consequuntur. Quos aut eos veritatis sed doloribus aut.','2020-08-29 19:03:40','2020-10-01 19:25:01'),(81,25,16,98,'Nisi nisi consequatur hic suscipit voluptas tempore maiores. Ullam iure deleniti hic quod maiores non quia. Eius illo et qui ut unde ut.','2017-10-04 12:24:28','2020-10-01 19:25:01'),(82,81,71,46,'Incidunt quam qui hic aut atque nisi. Vel aut quos aut voluptatem. Autem quia est impedit magni nihil sed.','2013-05-17 21:00:11','2020-10-01 19:25:01'),(83,29,4,34,'Iure nemo sed architecto veniam. Modi eligendi commodi mollitia nostrum. Omnis nobis et quibusdam rem in perspiciatis est. Cumque ut enim at repudiandae unde beatae quidem.','2011-05-25 07:57:59','2020-10-01 19:25:01'),(84,1,9,34,'Sit nesciunt incidunt dolore voluptas qui sint ducimus debitis. Sint ullam dolor reprehenderit et excepturi. Libero omnis minima quis est est et. Unde at atque sit omnis esse.','2012-10-20 08:03:33','2020-10-01 19:25:01'),(85,16,32,64,'Quis corrupti aut excepturi sed dignissimos quo. Libero beatae quia pariatur quisquam. Totam quis qui dignissimos et voluptatum. Sint cumque necessitatibus fuga.','2019-01-24 19:57:34','2020-10-01 19:25:01'),(86,79,30,18,'Neque quos perferendis dolorum excepturi. Sunt sint accusamus tenetur illo beatae vero unde. A exercitationem aut officiis dolores cum ex dolores. Sequi asperiores veniam sit id.','2016-12-30 01:10:06','2020-10-01 19:25:01'),(87,46,57,97,'Molestiae debitis quasi delectus et asperiores quia est. Porro quia quia ut dolorem neque consectetur.','2012-07-25 17:18:16','2020-10-01 19:25:01'),(88,91,92,30,'Voluptatem laudantium reiciendis dicta consequuntur consequuntur sit ullam. Sunt ut aut amet temporibus itaque voluptatem dolorem dolore. Dolore magnam est est similique laudantium omnis.','2013-10-18 16:19:43','2020-10-01 19:25:01'),(89,16,89,58,'Cupiditate earum repudiandae expedita. Cupiditate enim neque qui odit dolores temporibus dolor. Alias deserunt assumenda aut alias sequi.','2020-03-11 06:16:51','2020-10-01 19:25:01'),(90,7,70,2,'Quod similique laboriosam aut minima consequuntur esse. Rerum aliquam illo impedit laborum fugiat facilis libero. Molestiae incidunt voluptatem sed enim.','2015-06-13 18:26:03','2020-10-01 19:25:01'),(91,86,83,37,'Voluptas et dolorem ullam tenetur minima. Explicabo nihil ut esse quis in provident et.','2017-09-06 00:18:11','2020-10-01 19:25:01'),(92,7,2,75,'Id molestiae eius nobis expedita velit. Sapiente corporis recusandae odio id architecto. Nulla dicta quaerat qui modi quidem.','2018-08-31 17:10:40','2020-10-01 19:25:01'),(93,79,62,64,'Id velit sit corporis consequatur ut. Incidunt sed qui quis id dolorem ex nisi. Et ipsum quis aspernatur culpa sit et aperiam.','2012-03-23 06:14:35','2020-10-01 19:25:01'),(94,72,3,95,'Beatae autem magni eius suscipit totam sit deserunt. Soluta vero sit cupiditate dolorem a accusamus. Mollitia et exercitationem quia porro magni quae. Molestiae ea porro accusantium non velit ipsa.','2012-02-28 06:46:08','2020-10-01 19:25:01'),(95,23,27,81,'Qui voluptates qui dignissimos qui atque in. Libero provident necessitatibus non quaerat commodi itaque. Quia quo et qui quis voluptas cum facilis exercitationem.','2014-08-05 10:21:42','2020-10-01 19:25:01'),(96,99,25,19,'Voluptates eius odio velit sed doloribus. Sequi et et asperiores qui dolor. Vel dolore qui eos voluptatum maxime repudiandae at labore.','2019-01-11 00:08:30','2020-10-01 19:25:01'),(97,24,46,52,'Itaque eos sed porro voluptatem. Distinctio quia corrupti accusantium sunt omnis eveniet. Consequatur non asperiores qui et.','2018-01-14 15:31:48','2020-10-01 19:25:01'),(98,22,55,4,'Eum aliquid facere reiciendis velit a ea. Et dolor nulla voluptatem dignissimos maiores fugiat. Fugit nihil harum eligendi et vel aut. Pariatur et ducimus et laudantium eum magnam nam iste.','2017-03-25 09:23:20','2020-10-01 19:25:01'),(99,39,35,61,'Culpa expedita quidem dolor voluptatem architecto quis. Ut quibusdam fugiat sed iure. Placeat praesentium quis eligendi id et cupiditate.','2012-02-24 02:32:28','2020-10-01 19:25:01'),(100,29,10,92,'Et eligendi minima itaque et ut autem. Soluta in optio ab blanditiis. Et et alias sed voluptatem velit autem.','2010-12-29 18:16:59','2020-10-01 19:25:01');
/*!40000 ALTER TABLE `forum_posts` ENABLE KEYS */;
UNLOCK TABLES;

--
-- Table structure for table `forum_users`
--

DROP TABLE IF EXISTS `forum_users`;
/*!40101 SET @saved_cs_client     = @@character_set_client */;
/*!50503 SET character_set_client = utf8mb4 */;
CREATE TABLE `forum_users` (
  `forum_id` int unsigned NOT NULL,
  `user_id` int unsigned NOT NULL,
  `created_at` datetime DEFAULT CURRENT_TIMESTAMP,
  PRIMARY KEY (`forum_id`,`user_id`),
  KEY `forum_users_user_id_fk` (`user_id`),
  CONSTRAINT `forum_users_forum_id_fk` FOREIGN KEY (`forum_id`) REFERENCES `forum` (`id`) ON DELETE CASCADE,
  CONSTRAINT `forum_users_user_id_fk` FOREIGN KEY (`user_id`) REFERENCES `users` (`id`) ON DELETE CASCADE
) ENGINE=InnoDB DEFAULT CHARSET=utf8 COLLATE=utf8_unicode_ci;
/*!40101 SET character_set_client = @saved_cs_client */;

--
-- Dumping data for table `forum_users`
--

LOCK TABLES `forum_users` WRITE;
/*!40000 ALTER TABLE `forum_users` DISABLE KEYS */;
INSERT INTO `forum_users` VALUES (1,68,'2020-04-21 17:19:44'),(2,1,'2017-02-21 19:35:35'),(2,41,'2011-08-22 13:31:50'),(2,80,'2019-07-20 00:30:46'),(3,41,'2015-02-28 20:34:39'),(3,96,'2015-02-01 12:16:53'),(5,15,'2013-08-01 05:14:57'),(6,19,'2019-05-02 18:44:50'),(6,53,'2014-06-04 18:54:35'),(8,34,'2015-03-29 05:49:45'),(9,14,'2011-02-18 01:03:13'),(9,68,'2016-11-15 07:26:12'),(10,73,'2019-10-01 22:37:22'),(10,95,'2010-10-24 04:09:10'),(11,80,'2010-10-21 03:58:44'),(13,82,'2018-06-01 23:17:45'),(15,66,'2014-05-28 01:45:20'),(16,86,'2018-12-28 12:48:30'),(18,30,'2017-10-16 10:26:01'),(20,91,'2015-04-21 19:51:47'),(21,63,'2011-09-06 20:33:16'),(23,43,'2013-01-05 06:56:05'),(24,26,'2015-09-03 15:37:05'),(26,1,'2014-11-10 07:59:07'),(26,27,'2018-09-30 18:16:41'),(27,32,'2013-08-24 04:30:20'),(30,23,'2020-04-30 05:07:47'),(30,41,'2015-01-28 23:04:14'),(30,78,'2011-12-03 19:16:32'),(30,91,'2018-10-20 20:44:49'),(31,37,'2019-06-01 03:14:25'),(31,62,'2012-11-19 20:33:52'),(32,96,'2018-12-06 17:12:20'),(33,96,'2013-10-26 07:20:20'),(34,60,'2018-06-09 20:54:03'),(34,90,'2016-02-01 14:26:05'),(35,32,'2014-12-26 10:16:55'),(36,78,'2012-06-03 06:06:26'),(36,93,'2015-02-25 05:10:11'),(37,30,'2015-02-17 01:46:15'),(39,59,'2011-10-18 17:44:00'),(39,70,'2011-07-29 13:59:22'),(39,86,'2017-02-07 13:42:36'),(40,1,'2020-08-10 03:43:18'),(40,41,'2018-12-19 22:23:30'),(40,49,'2019-03-21 01:23:24'),(40,52,'2013-01-07 08:33:55'),(41,57,'2019-10-19 06:26:13'),(42,61,'2016-03-24 17:39:04'),(43,35,'2017-02-18 03:40:47'),(43,91,'2019-02-20 07:37:39'),(44,50,'2018-10-22 15:56:56'),(45,37,'2016-05-26 13:36:38'),(45,53,'2011-10-17 18:50:07'),(45,78,'2013-07-28 16:10:57'),(47,1,'2019-09-04 05:51:34'),(47,52,'2016-04-22 17:54:43'),(48,48,'2014-10-05 13:30:23'),(51,20,'2014-11-21 17:26:59'),(51,39,'2016-11-12 17:44:18'),(51,47,'2011-09-05 02:56:32'),(54,58,'2017-12-06 12:28:07'),(56,30,'2011-05-21 15:43:00'),(56,75,'2016-03-19 17:23:26'),(61,5,'2012-10-11 14:02:59'),(61,65,'2013-08-17 07:09:32'),(61,86,'2019-06-30 22:07:22'),(64,11,'2017-02-03 10:25:45'),(66,59,'2012-09-10 08:17:51'),(67,62,'2014-03-11 15:02:04'),(68,30,'2012-12-09 03:14:49'),(68,66,'2019-11-06 11:06:56'),(70,39,'2014-02-17 20:32:59'),(70,97,'2016-12-10 03:37:56'),(71,65,'2016-12-31 17:01:05'),(72,37,'2017-03-15 16:14:11'),(74,87,'2019-05-03 13:30:08'),(76,26,'2020-09-23 07:30:18'),(76,67,'2019-07-31 15:01:33'),(77,57,'2015-10-12 17:31:12'),(79,84,'2014-02-14 05:32:54'),(80,48,'2011-11-26 21:40:24'),(82,87,'2015-07-31 05:57:37'),(82,93,'2011-04-15 05:53:40'),(84,100,'2012-07-19 21:44:49'),(85,22,'2017-03-18 07:23:59'),(86,10,'2018-01-07 00:32:59'),(87,76,'2018-03-23 15:34:40'),(87,81,'2011-08-04 05:07:09'),(88,38,'2018-05-12 12:41:37'),(91,58,'2016-11-26 02:03:29'),(91,79,'2016-05-31 09:14:28'),(92,19,'2011-01-20 01:40:15'),(93,58,'2018-06-28 17:31:28'),(96,34,'2015-05-13 15:13:53'),(96,96,'2014-04-09 21:57:43'),(98,74,'2016-05-20 02:45:28'),(100,36,'2016-09-05 03:35:58'),(100,84,'2011-09-08 08:23:59'),(100,98,'2016-03-09 01:57:13');
/*!40000 ALTER TABLE `forum_users` ENABLE KEYS */;
UNLOCK TABLES;

--
-- Table structure for table `messages`
--

DROP TABLE IF EXISTS `messages`;
/*!40101 SET @saved_cs_client     = @@character_set_client */;
/*!50503 SET character_set_client = utf8mb4 */;
CREATE TABLE `messages` (
  `id` int unsigned NOT NULL AUTO_INCREMENT,
  `from_user_id` int unsigned NOT NULL,
  `to_user_id` int unsigned NOT NULL,
  `body` text CHARACTER SET utf8 COLLATE utf8_unicode_ci NOT NULL,
  `created_at` datetime DEFAULT CURRENT_TIMESTAMP,
  `updated_at` datetime DEFAULT CURRENT_TIMESTAMP ON UPDATE CURRENT_TIMESTAMP,
  PRIMARY KEY (`id`),
  KEY `messages_from_user_id_fk` (`from_user_id`),
  KEY `messages_to_user_id_fk` (`to_user_id`),
  CONSTRAINT `messages_from_user_id_fk` FOREIGN KEY (`from_user_id`) REFERENCES `users` (`id`) ON DELETE CASCADE,
  CONSTRAINT `messages_to_user_id_fk` FOREIGN KEY (`to_user_id`) REFERENCES `users` (`id`) ON DELETE CASCADE
) ENGINE=InnoDB AUTO_INCREMENT=101 DEFAULT CHARSET=utf8 COLLATE=utf8_unicode_ci;
/*!40101 SET character_set_client = @saved_cs_client */;

--
-- Dumping data for table `messages`
--

LOCK TABLES `messages` WRITE;
/*!40000 ALTER TABLE `messages` DISABLE KEYS */;
INSERT INTO `messages` VALUES (1,20,51,'Soluta quisquam reprehenderit eum aut libero aut hic quos. Harum laudantium et dolores totam voluptas id ipsa. Nulla est id fugiat non quia. Ut commodi ad maxime voluptatem animi quis.','2016-05-08 01:25:18','2020-10-01 18:14:01'),(2,92,9,'Numquam molestiae et omnis tempora. Amet et non quidem fugit. Velit ut vero cum dolorum sit in consectetur. Nemo harum autem aliquid accusantium voluptatem error eius.','2011-04-21 12:44:57','2020-10-01 18:14:01'),(3,69,16,'Expedita in ut laborum aut. Aut ad numquam cum architecto accusamus minima. Culpa nam omnis quis quaerat itaque mollitia. Deserunt sit nulla ea quod ut.','2011-10-21 02:00:02','2020-10-01 18:14:01'),(4,74,23,'Doloribus odio officiis commodi quia ipsum molestiae facere. Accusantium consequatur totam consectetur provident nobis ut quibusdam. Iusto reprehenderit expedita et voluptas molestiae odio velit. Tempore qui ullam quis deleniti placeat.','2020-07-05 01:38:42','2020-10-01 18:14:01'),(5,89,78,'Ut alias possimus corporis asperiores veniam. Explicabo necessitatibus autem nesciunt numquam ut. Consectetur iure adipisci dolor sit at rem omnis.','2016-11-18 19:59:01','2020-10-01 18:14:01'),(6,20,69,'Enim rerum quidem id illum expedita. Aut dolorem ratione temporibus at corporis. Ea est aut quam sint minus fugiat aut exercitationem. Et exercitationem deleniti amet rerum.','2015-09-19 10:03:50','2020-10-01 18:14:01'),(7,81,1,'Autem nostrum ad debitis quia deleniti repudiandae. Harum aut sed voluptatem at nihil voluptatem sint id. Est neque iusto qui voluptatem quia. Omnis qui temporibus asperiores et reiciendis officia. Itaque rem aut cupiditate sit est molestiae rerum.','2014-05-06 04:46:00','2020-10-01 18:14:01'),(8,59,93,'Et saepe ipsam non dolorum. Sed harum itaque quos tempore tempore sed explicabo. Similique quia sint qui enim.','2011-04-26 19:57:24','2020-10-01 18:14:01'),(9,86,49,'Illum ratione quia optio nisi perspiciatis et quod dolor. Dolorem aliquam laborum alias vero voluptatum voluptatem officiis. Et esse ut itaque et.','2011-01-21 23:01:56','2020-10-01 18:14:01'),(10,89,96,'Ut unde quo voluptatem ad hic fugit quia. Consequatur sint harum vero iste aut alias. Unde facere non non laborum facere et dolores tempore.','2010-12-11 09:40:54','2020-10-01 18:14:01'),(11,12,72,'Atque ex eius eveniet repellat hic quisquam. Fugit est voluptatum adipisci molestiae. Sit veritatis molestiae non consequatur.','2011-03-04 00:10:22','2020-10-01 18:14:01'),(12,24,5,'Debitis maxime similique soluta enim vitae tempora facilis temporibus. Error dolores unde aliquam dolorum ipsa quia.','2019-01-15 19:50:24','2020-10-01 18:14:01'),(13,51,38,'Rem ipsam quidem sed animi soluta blanditiis. Eos in ea et et. Dolorem molestiae ut in.','2015-04-28 10:35:52','2020-10-01 18:14:01'),(14,39,80,'Ex eos voluptas sunt numquam autem. Necessitatibus consectetur ea dolorem sapiente. Amet ullam animi magni cupiditate cumque. Velit eos consequatur ab cupiditate maxime doloribus aspernatur.','2017-10-16 15:37:46','2020-10-01 18:14:01'),(15,83,75,'Possimus totam et sit sapiente debitis. Quis ea ut qui amet architecto optio aut. Ratione rerum ea reiciendis voluptatem provident eaque dolores. Sed quisquam et consequatur.','2012-11-07 11:36:51','2020-10-01 18:14:01'),(16,26,5,'Ut et numquam non eaque perspiciatis et necessitatibus. Eligendi ullam suscipit incidunt optio id delectus qui. Odio soluta aut doloremque in. Et sunt omnis iure officiis eum quo qui.','2015-08-01 06:49:49','2020-10-01 18:14:01'),(17,45,12,'Totam tempora nemo aperiam aliquam eum cum. Temporibus rem eos voluptate. Omnis sed dolor tenetur. Dolor esse tempore similique in adipisci.','2011-02-18 01:43:21','2020-10-01 18:14:01'),(18,23,78,'Consequuntur consequatur quaerat porro et quasi ut aut. Rerum ipsam voluptate distinctio atque quia omnis autem. Sit laboriosam voluptas eligendi iusto totam dolore et. Aut ea quo tempora illo ut et error.','2013-11-08 21:09:42','2020-10-01 18:14:01'),(19,21,69,'Architecto quas provident maxime libero aut beatae voluptatem. Iure dolores deleniti et et iusto recusandae est porro. Non beatae distinctio ipsa in maxime aut. Non quae minima et amet culpa ad.','2014-01-31 23:24:54','2020-10-01 18:14:01'),(20,81,99,'Consequatur sapiente aut et quo dolores. Dolore qui ratione praesentium non delectus. Id et dolorum aut ipsum sit occaecati magnam. Libero iusto quia voluptates sed accusamus esse.','2012-05-22 21:58:04','2020-10-01 18:14:01'),(21,50,53,'Et magni cumque quis et quas distinctio reiciendis. Iure hic fugit eum voluptate. Occaecati magnam aperiam culpa adipisci porro.','2019-08-29 02:47:34','2020-10-01 18:14:01'),(22,17,22,'Soluta architecto sunt fuga rem aspernatur est ducimus. Aliquid omnis perferendis eos rerum. Ipsa dolores saepe aliquam doloribus.','2014-11-25 19:24:41','2020-10-01 18:14:01'),(23,61,37,'Consequatur voluptatem et eum tempore. Magnam inventore et voluptas minima rerum porro. Ut rerum libero consequatur sed molestiae. Ducimus molestias ut quae excepturi reprehenderit dolorem officia consectetur.','2017-06-07 08:58:15','2020-10-01 18:14:01'),(24,1,93,'Nostrum sint beatae culpa rerum dolorum autem repudiandae est. Et ab aut deserunt. Sed soluta ullam quas perferendis.','2015-04-06 19:02:21','2020-10-01 18:14:01'),(25,64,39,'Eos sunt laudantium magnam voluptate molestiae esse voluptas. Et ratione voluptas molestiae. Dolore enim vero dolor voluptas exercitationem.','2016-09-10 11:10:42','2020-10-01 18:14:01'),(26,3,99,'Ex sint quas inventore dicta blanditiis ipsa. Voluptas qui libero voluptatum sit distinctio ex. Id qui molestiae vitae.','2017-03-20 17:55:44','2020-10-01 18:14:01'),(27,86,30,'Blanditiis atque harum quis. Est commodi aperiam maiores perspiciatis. Quas accusamus rerum in fuga sapiente. Est quas dolorem suscipit voluptatibus cumque et incidunt.','2015-01-22 08:09:55','2020-10-01 18:14:01'),(28,93,76,'Facilis odio provident facere. Vel nihil voluptate nihil repudiandae iure exercitationem. Aut dicta quis itaque odit maiores provident quia.','2011-07-08 03:20:39','2020-10-01 18:14:01'),(29,100,71,'Quis inventore dolorum sit. Ex eos est voluptates sed sunt fugiat necessitatibus.','2016-04-25 14:34:37','2020-10-01 18:14:01'),(30,54,57,'In iure qui dolores molestias commodi dignissimos. Est earum ea ut asperiores et ducimus. Deserunt provident quo dicta est eaque repudiandae quisquam.','2015-04-22 01:04:17','2020-10-01 18:14:01'),(31,24,46,'Eaque et sit architecto ipsa. Consectetur qui voluptatem quae aut aut nostrum aut. Est consequatur et sed architecto cum fugiat aut. Eius nulla nobis eveniet repellat.','2012-03-01 06:41:08','2020-10-01 18:14:01'),(32,59,55,'Temporibus quia omnis doloribus est voluptatem aliquid quod. Culpa vel odit excepturi aut officiis dolorem. Officia quae ea quia eos dolore. Reprehenderit quo qui quam et eveniet laborum.','2011-01-21 20:30:53','2020-10-01 18:14:01'),(33,99,28,'Est veritatis expedita doloribus fugit. Doloremque maxime impedit molestiae perferendis qui et. Iste necessitatibus odit dolorem ratione atque saepe laborum. Dolores voluptatum dolores molestiae nulla in iste molestias. Debitis nulla voluptate facilis deserunt ipsam illum quia.','2019-10-31 07:01:49','2020-10-01 18:14:01'),(34,43,29,'Aut deleniti et distinctio sapiente sint ut temporibus. Iste tenetur explicabo sunt sed. Magni voluptatem dolor aut at qui occaecati consequuntur. Vel velit quia autem quidem assumenda.','2014-10-30 17:15:21','2020-10-01 18:14:01'),(35,18,100,'Atque maiores quasi rerum maiores. Repellat porro numquam suscipit reprehenderit eaque earum.','2020-03-25 02:03:13','2020-10-01 18:14:01'),(36,47,35,'Quisquam ut sequi nesciunt iure tempore. Aut et atque velit quis iste. Quia consequuntur voluptatibus esse molestiae non. Rem quaerat distinctio nihil quibusdam.','2011-07-08 10:55:33','2020-10-01 18:14:01'),(37,32,55,'Ab aut quia fuga. Optio et unde ipsam veniam aspernatur dolorum voluptatem dicta. Unde beatae dicta itaque sapiente facere qui. Officia deleniti corporis ut repellendus eligendi voluptatem vel laboriosam.','2015-08-24 11:33:21','2020-10-01 18:14:01'),(38,78,27,'Quia aliquam consequatur modi necessitatibus sed autem facere. Sed voluptatibus at enim consequatur quas expedita dolor voluptatibus. Sit veritatis est est est.','2015-07-14 13:08:52','2020-10-01 18:14:01'),(39,99,12,'Sit ut sed vitae nostrum aut. Facilis repellat natus quia excepturi deleniti pariatur alias. Ratione perferendis qui reiciendis veniam eum repellendus et. Omnis molestiae et nemo blanditiis cupiditate enim. Porro ut provident beatae velit ut sequi quo ipsa.','2020-04-21 05:45:39','2020-10-01 18:14:01'),(40,63,81,'Rerum quas ipsum fugiat nisi. Molestias velit qui consequatur placeat nobis ut. Eos et fugit doloribus consequuntur ratione qui. Itaque reprehenderit nihil voluptas perferendis delectus earum repudiandae earum.','2012-05-25 04:20:59','2020-10-01 18:14:01'),(41,12,18,'Exercitationem repudiandae quae ipsum impedit harum dolorum. Nisi ea autem voluptatem consequatur. Architecto ipsum nihil tenetur a qui et quod. Odit impedit dolores omnis aliquid dolores autem.','2016-08-06 17:46:17','2020-10-01 18:14:01'),(42,53,9,'Suscipit aliquid sed ad totam sequi modi iusto. Vitae voluptatem aut quia minus et dolores provident.','2020-02-01 17:16:16','2020-10-01 18:14:01'),(43,86,5,'Est dignissimos culpa quae nisi non voluptatem. Illum ut omnis consequatur non. Est culpa sint aspernatur omnis qui rerum cumque optio.','2011-11-07 23:11:25','2020-10-01 18:14:01'),(44,65,9,'Minima voluptatem quas est alias temporibus. Nesciunt voluptatem sunt autem quas molestias harum et. Temporibus delectus possimus voluptatum maiores voluptatem.','2014-04-30 00:49:16','2020-10-01 18:14:01'),(45,51,27,'Iure dolorum non pariatur non odit. Tempora nulla minima et in eum cum hic. Facere illum corporis soluta nostrum accusantium voluptatem cum.','2020-01-09 04:45:54','2020-10-01 18:14:01'),(46,79,17,'Minima eos earum deserunt quasi itaque. Molestiae et et nihil in aut in a. Omnis quia nihil omnis a debitis a.','2018-08-22 03:35:52','2020-10-01 18:14:01'),(47,45,74,'Amet et est officiis reprehenderit odio at asperiores vero. Quis nihil rerum quia nostrum minus omnis sunt. Ut nulla provident aperiam nam et veritatis.','2017-09-01 20:37:45','2020-10-01 18:14:01'),(48,35,52,'Consequatur quibusdam voluptas quia sed. Ut voluptatem atque voluptate est et voluptatum. Velit at qui dolorem quo.','2014-06-17 17:43:17','2020-10-01 18:14:01'),(49,54,15,'Architecto explicabo autem nihil assumenda natus. Omnis quasi qui similique delectus consequatur maiores odio. Illo natus eum veritatis eos totam. Commodi saepe quo maxime cum. Quo sit repudiandae rerum.','2019-05-18 05:44:05','2020-10-01 18:14:01'),(50,13,19,'Minus sunt incidunt et deserunt recusandae. Deserunt modi aperiam id et sunt nisi omnis. Quia rerum minima veritatis eos est libero. Alias vel laudantium perspiciatis quae aut cum similique. Id repudiandae dolorem sint veniam consequatur.','2017-07-01 07:45:08','2020-10-01 18:14:01'),(51,56,22,'Voluptate ut alias voluptatem velit vero qui. Ea occaecati occaecati at ut voluptatem. Maiores rem occaecati quis culpa accusantium. Molestiae ut hic architecto.','2012-07-01 21:29:20','2020-10-01 18:14:01'),(52,40,36,'Facere totam placeat autem. Voluptatem qui corporis illum voluptatum. Est blanditiis facilis minima ut quia explicabo. Libero deserunt et aut ut aut molestias corporis asperiores.','2011-01-31 03:31:21','2020-10-01 18:14:01'),(53,59,84,'Eum occaecati illo nihil praesentium porro. Quam expedita provident et est repudiandae eaque nemo ratione. Labore rerum eum perspiciatis et. Vitae in debitis possimus voluptatum natus minima laborum. Totam accusamus consequatur voluptatibus nulla aut aliquam asperiores.','2011-10-31 11:28:52','2020-10-01 18:14:01'),(54,45,71,'Earum nesciunt unde repudiandae dolores eum eligendi nobis. Qui illo praesentium sit perferendis error mollitia vero. Consequatur id ut inventore ut eum repellat a. Consectetur officiis corrupti laboriosam quia dolorem velit.','2012-09-04 01:08:49','2020-10-01 18:14:01'),(55,20,87,'Recusandae eum consequatur neque est. Excepturi et facilis aut ex rem. Quisquam hic tempora labore aut qui vero. Sit ipsam delectus ipsum pariatur repellat voluptatem.','2018-10-22 08:12:31','2020-10-01 18:14:01'),(56,73,4,'Totam debitis est excepturi tempora. Consectetur qui quia odit impedit harum temporibus unde laudantium. Doloribus quidem voluptatum molestiae animi et.','2012-11-14 17:38:11','2020-10-01 18:14:01'),(57,2,97,'Quos nobis sunt dolorum aspernatur perspiciatis expedita. Odit a rerum excepturi impedit laborum. Beatae error architecto laudantium excepturi. Quia sapiente ad amet nostrum enim accusantium.','2019-02-25 15:13:15','2020-10-01 18:14:01'),(58,78,97,'Fugiat modi eum delectus commodi et iste. Eos doloremque illum dolorum repudiandae consequatur. Sint quia harum aspernatur et impedit. Voluptas quod quo laboriosam rem dicta nostrum. Odio qui eaque omnis eius maiores.','2011-04-29 21:45:00','2020-10-01 18:14:01'),(59,52,70,'Velit consequatur est ipsa. Officiis veniam asperiores quidem id nam ex doloribus. Voluptatem corrupti minus ut velit earum distinctio atque quo.','2017-05-13 18:17:27','2020-10-01 18:14:01'),(60,92,49,'Autem laudantium dolores voluptatibus doloribus sit dolorem. Qui voluptatum ducimus rerum aut. Ut quam incidunt enim aut deleniti id. Soluta quis ut aliquam animi dolores cupiditate voluptas.','2011-11-11 21:28:55','2020-10-01 18:14:01'),(61,71,5,'Excepturi quisquam doloremque eos quo et id commodi. Temporibus minima provident sunt magni et est. Quos veritatis doloribus quaerat quam.','2016-11-01 00:21:44','2020-10-01 18:14:01'),(62,12,43,'Sunt incidunt eum facere delectus facere et eveniet distinctio. Ut sunt voluptas sit id voluptatum eius aut. Velit aut omnis sed quis. Non aut ea aut qui doloribus blanditiis aut.','2014-05-29 08:39:30','2020-10-01 18:14:01'),(63,81,75,'Excepturi ipsum dolorem omnis corporis. Hic voluptatibus est repellat autem corporis molestiae accusamus. Nisi ipsam reprehenderit officiis deleniti est et. In ducimus vitae nostrum voluptatem eius rerum.','2019-08-17 01:06:05','2020-10-01 18:14:01'),(64,29,23,'Enim aut hic veritatis repellat autem atque sed. Eligendi aut rerum quas amet omnis totam qui. Dolores aut necessitatibus sequi ut suscipit qui velit illum. Dolorem dolores dolores error.','2014-07-11 16:18:05','2020-10-01 18:14:01'),(65,26,59,'Tenetur quia quia ut enim. Architecto aut ipsa illum voluptates ratione illo autem. Corrupti molestiae tempora sapiente nobis aut voluptatibus consequuntur. Necessitatibus vitae qui harum exercitationem et aut minima. Magnam distinctio ut et et accusamus nisi natus.','2017-10-23 05:53:19','2020-10-01 18:14:01'),(66,19,16,'Eligendi at occaecati vel modi. Maxime sequi ullam a nesciunt doloremque. Qui quidem dolorem odio nihil praesentium. Repudiandae fuga velit error sequi reprehenderit eum.','2016-08-18 23:30:48','2020-10-01 18:14:01'),(67,24,72,'Sequi at quis quam optio sed vero. Voluptatem et consequatur dicta ad velit reiciendis non est.','2018-08-07 12:02:47','2020-10-01 18:14:01'),(68,87,18,'Quam dignissimos et et nisi est sed culpa veniam. Vel facere ut aliquid est exercitationem voluptas culpa. Maxime aut saepe enim veritatis. Quidem dignissimos nulla ea id nam.','2019-04-24 07:51:41','2020-10-01 18:14:01'),(69,30,94,'Eius deleniti aut repudiandae natus facere sapiente. Laborum omnis cumque delectus beatae. Quo consectetur possimus et amet.','2011-06-14 01:16:17','2020-10-01 18:14:01'),(70,81,23,'Nesciunt nihil molestiae voluptate consequatur magnam tempora aut. Quidem voluptatem natus ut nemo.','2012-02-24 06:05:02','2020-10-01 18:14:01'),(71,70,80,'Asperiores quaerat sint possimus et. Qui quia sint dolorum qui autem aliquam. Inventore cum numquam voluptatum suscipit dolorem minima. Facere est aut asperiores aut id quasi maxime.','2011-07-07 06:16:10','2020-10-01 18:14:01'),(72,91,15,'Nam sunt quo minima laborum iure dolor ipsum impedit. Veniam dicta modi et. Et ad excepturi aut ducimus totam provident et.','2018-07-13 10:05:46','2020-10-01 18:14:01'),(73,100,54,'Cumque deserunt eius rerum dolore et mollitia velit. Expedita a adipisci veritatis. Maiores in nobis fuga quo.','2013-01-28 02:28:53','2020-10-01 18:14:01'),(74,70,88,'Laboriosam ratione nulla ut id odio. Et est totam qui.','2014-01-08 06:52:04','2020-10-01 18:14:01'),(75,27,74,'Vitae ab perferendis sed tempore dolor. Sed eligendi est laboriosam ratione voluptate mollitia quod. Et quod sunt recusandae odit quaerat. Accusantium reiciendis est enim dicta.','2014-07-12 05:24:25','2020-10-01 18:14:01'),(76,86,8,'Quia quidem dolorem excepturi dolores ratione unde nesciunt saepe. Consectetur vero unde quia explicabo. Voluptas non delectus voluptatibus cupiditate quis voluptatem. Modi et architecto voluptatem nihil aut.','2013-02-10 01:22:51','2020-10-01 18:14:01'),(77,82,84,'Sed qui quod sed placeat voluptas omnis quae. Aperiam vero similique voluptatum et. Recusandae numquam eaque ea consequuntur. Aliquam ullam ut odio est excepturi laboriosam beatae.','2019-08-19 09:49:36','2020-10-01 18:14:01'),(78,73,13,'Non ea aliquam vero magni. Repellendus vel quae nihil est nam sit aliquam. Inventore omnis ea enim corrupti id. Nam perspiciatis et et dolorem. Deleniti qui assumenda voluptas sint modi sint.','2016-11-29 11:56:05','2020-10-01 18:14:01'),(79,45,87,'Velit nihil nobis non deleniti. Ab quia veniam ut modi rem a. Eum temporibus dignissimos sint cupiditate sunt beatae.','2020-03-15 12:07:19','2020-10-01 18:14:01'),(80,97,27,'Pariatur adipisci quae harum voluptatem ut commodi. Provident ea minus repellat repellat dolores voluptatem repellat. Magni aspernatur voluptatem in voluptates aperiam. Reiciendis eveniet nam ea est.','2019-09-27 06:20:46','2020-10-01 18:14:01'),(81,41,26,'Qui aut vitae nisi ut eligendi reiciendis ipsam. Commodi aut voluptatum asperiores eligendi dolor voluptatem blanditiis. Perspiciatis id perferendis et deleniti dicta assumenda dolorem. Magni rerum magnam iusto dolore.','2015-07-03 07:17:48','2020-10-01 18:14:01'),(82,4,40,'Commodi non perferendis quis repudiandae atque. Et assumenda et dignissimos. Libero omnis aut sunt.','2019-03-18 08:34:35','2020-10-01 18:14:01'),(83,90,30,'Culpa quos dicta qui pariatur illum molestiae. Pariatur sit quis sint hic alias doloribus explicabo. Molestias eos assumenda natus veniam fugiat sunt quia.','2018-02-11 05:55:11','2020-10-01 18:14:01'),(84,78,2,'Totam quasi voluptas debitis illo aut. In quisquam veniam quia voluptas.','2018-09-17 20:17:57','2020-10-01 18:14:01'),(85,74,64,'Soluta consectetur qui quidem dolores. Voluptatem magnam nisi officia unde eos. Quo ea aut dicta. Reiciendis adipisci ab velit cupiditate et facilis.','2015-06-12 16:03:03','2020-10-01 18:14:01'),(86,96,88,'Corrupti nam voluptate harum fugiat. In officia est eum iure quam adipisci animi eaque. Fugit voluptatibus esse fuga autem est et.','2016-06-18 22:09:38','2020-10-01 18:14:01'),(87,50,89,'Perspiciatis recusandae eos provident molestias fugit veritatis. Ad consequuntur soluta ipsam occaecati porro. Repellat a neque ea odit eum. Deleniti quia aut voluptatem expedita.','2017-01-18 00:44:02','2020-10-01 18:14:01'),(88,92,94,'Ut rerum eveniet rerum quisquam recusandae dolores. Est eos sed iure enim magni maiores iure.','2015-03-14 14:51:16','2020-10-01 18:14:01'),(89,91,76,'Amet sint ratione dolorem qui et. Sed necessitatibus voluptatibus aspernatur et magni unde esse. Non unde voluptatibus consequatur architecto vel officiis possimus. Et facilis odio aliquam corrupti.','2011-10-03 03:33:22','2020-10-01 18:14:01'),(90,5,95,'Qui in maiores commodi sunt qui nihil cupiditate. Iusto et sed libero eius. Fugit quis ut cum et tenetur odit eos. Enim esse numquam est voluptate.','2012-05-02 04:19:17','2020-10-01 18:14:01'),(91,59,12,'Est tempora nulla ut. Est natus ut voluptatum ut. Eos minima iusto qui.','2014-09-07 13:01:40','2020-10-01 18:14:01'),(92,81,70,'Porro laborum aliquid ut. Qui beatae laudantium eum. Animi sed est exercitationem aut ut temporibus rem. Sequi odio magni laudantium error eum.','2014-06-08 09:35:30','2020-10-01 18:14:01'),(93,6,19,'Voluptatem quam explicabo sint nemo quibusdam. At molestiae eos quis. Mollitia velit doloremque doloribus laborum repudiandae repellendus id.','2016-08-28 16:58:35','2020-10-01 18:14:01'),(94,79,35,'Quaerat optio eos voluptas aut. Eos itaque nisi nisi veniam expedita. Necessitatibus voluptatem tempora voluptas est sed. Fugit est ut illo ea numquam.','2014-12-22 08:06:01','2020-10-01 18:14:01'),(95,38,82,'Vel cum explicabo facilis et fuga non quisquam. Consectetur ex est nemo quo nisi. Quia nihil dolores in ab.','2015-03-03 23:42:11','2020-10-01 18:14:01'),(96,99,49,'Voluptas eos quia aperiam ex. Possimus nulla voluptatem id. Autem error voluptas nesciunt tempora quidem consequatur.','2016-06-27 02:36:38','2020-10-01 18:14:01'),(97,45,76,'Et omnis reiciendis reprehenderit optio vitae. Et porro qui aut perspiciatis vero. Iusto repellat nihil quis aliquid perspiciatis id. Aut qui cumque tenetur distinctio qui.','2011-01-01 11:46:13','2020-10-01 18:14:01'),(98,48,9,'Expedita saepe quis maxime animi natus. Nisi aliquam rem error saepe alias officia. Vitae maiores necessitatibus non sit culpa soluta nulla. Ipsam alias non officia ut praesentium et. Voluptas dolorem officiis est non.','2020-04-30 20:30:57','2020-10-01 18:14:01'),(99,100,72,'Error animi dicta dicta earum ipsum quas consequatur. Velit alias qui reiciendis qui veritatis et fuga. Ipsa alias qui qui.','2019-01-02 20:10:03','2020-10-01 18:14:01'),(100,60,85,'Consequatur error impedit exercitationem. Quisquam hic vel cumque architecto.','2013-04-29 06:47:54','2020-10-01 18:14:01');
/*!40000 ALTER TABLE `messages` ENABLE KEYS */;
UNLOCK TABLES;

--
-- Table structure for table `orders`
--

DROP TABLE IF EXISTS `orders`;
/*!40101 SET @saved_cs_client     = @@character_set_client */;
/*!50503 SET character_set_client = utf8mb4 */;
CREATE TABLE `orders` (
  `id` int unsigned NOT NULL AUTO_INCREMENT,
  `user_id` int unsigned NOT NULL,
  `created_at` datetime DEFAULT CURRENT_TIMESTAMP,
  `updated_at` datetime DEFAULT CURRENT_TIMESTAMP ON UPDATE CURRENT_TIMESTAMP,
  PRIMARY KEY (`id`),
  KEY `orders_user_id_fk` (`user_id`),
  CONSTRAINT `orders_user_id_fk` FOREIGN KEY (`user_id`) REFERENCES `users` (`id`) ON DELETE CASCADE
) ENGINE=InnoDB AUTO_INCREMENT=101 DEFAULT CHARSET=utf8 COLLATE=utf8_unicode_ci;
/*!40101 SET character_set_client = @saved_cs_client */;

--
-- Dumping data for table `orders`
--

LOCK TABLES `orders` WRITE;
/*!40000 ALTER TABLE `orders` DISABLE KEYS */;
INSERT INTO `orders` VALUES (1,58,'2019-07-08 08:07:05','2020-10-01 18:56:59'),(2,70,'2016-06-19 09:27:23','2020-10-01 18:56:59'),(3,74,'2018-12-17 03:26:43','2020-10-01 18:56:59'),(4,59,'2019-11-19 18:36:25','2020-10-01 18:56:59'),(5,73,'2013-09-29 12:57:51','2020-10-01 18:56:59'),(6,87,'2013-04-16 13:46:57','2020-10-01 18:56:59'),(7,15,'2017-12-03 17:29:31','2020-10-01 18:56:59'),(8,16,'2012-07-15 04:09:35','2020-10-01 18:56:59'),(9,34,'2014-07-23 18:38:50','2020-10-01 18:56:59'),(10,22,'2011-08-29 10:55:49','2020-10-01 18:56:59'),(11,5,'2013-07-12 12:37:54','2020-10-01 18:56:59'),(12,61,'2015-02-19 13:34:35','2020-10-01 18:56:59'),(13,89,'2013-12-19 04:21:23','2020-10-01 18:56:59'),(14,62,'2014-05-27 23:35:16','2020-10-01 18:56:59'),(15,43,'2012-11-30 11:38:14','2020-10-01 18:56:59'),(16,27,'2013-11-24 13:30:57','2020-10-01 18:56:59'),(17,4,'2016-12-03 12:05:37','2020-10-01 18:56:59'),(18,40,'2015-05-09 04:55:53','2020-10-01 18:56:59'),(19,89,'2014-10-27 03:53:29','2020-10-01 18:56:59'),(20,23,'2016-02-20 09:45:12','2020-10-01 18:56:59'),(21,49,'2010-12-29 08:13:59','2020-10-01 18:56:59'),(22,76,'2020-05-17 16:42:24','2020-10-01 18:56:59'),(23,33,'2016-11-02 00:47:51','2020-10-01 18:56:59'),(24,38,'2014-06-29 18:01:41','2020-10-01 18:56:59'),(25,87,'2011-08-12 22:28:51','2020-10-01 18:56:59'),(26,22,'2019-03-03 19:10:23','2020-10-01 18:56:59'),(27,47,'2015-03-12 06:03:47','2020-10-01 18:56:59'),(28,68,'2011-04-12 12:19:00','2020-10-01 18:56:59'),(29,1,'2017-04-25 21:01:38','2020-10-01 18:56:59'),(30,1,'2019-01-17 00:09:23','2020-10-01 18:56:59'),(31,100,'2018-02-12 13:54:15','2020-10-01 18:56:59'),(32,99,'2018-09-07 20:46:35','2020-10-01 18:56:59'),(33,91,'2013-07-31 03:41:32','2020-10-01 18:56:59'),(34,61,'2014-02-02 05:24:05','2020-10-01 18:56:59'),(35,30,'2013-12-17 14:46:58','2020-10-01 18:56:59'),(36,64,'2015-12-17 14:38:08','2020-10-01 18:56:59'),(37,33,'2011-06-17 09:19:40','2020-10-01 18:56:59'),(38,71,'2019-04-24 12:58:18','2020-10-01 18:56:59'),(39,56,'2018-11-25 16:43:48','2020-10-01 18:56:59'),(40,68,'2020-04-17 19:25:32','2020-10-01 18:56:59'),(41,69,'2011-04-03 17:59:27','2020-10-01 18:56:59'),(42,44,'2020-01-22 07:28:48','2020-10-01 18:56:59'),(43,9,'2018-11-06 10:45:24','2020-10-01 18:56:59'),(44,12,'2020-02-17 21:20:26','2020-10-01 18:56:59'),(45,33,'2020-02-04 04:22:52','2020-10-01 18:56:59'),(46,28,'2016-07-08 04:25:24','2020-10-01 18:56:59'),(47,42,'2013-07-28 04:25:18','2020-10-01 18:56:59'),(48,26,'2015-12-24 02:00:09','2020-10-01 18:56:59'),(49,3,'2015-10-12 10:34:40','2020-10-01 18:56:59'),(50,38,'2016-05-05 16:01:41','2020-10-01 18:56:59'),(51,79,'2018-12-05 18:30:28','2020-10-01 18:56:59'),(52,82,'2018-06-02 09:51:51','2020-10-01 18:56:59'),(53,70,'2015-07-22 13:03:39','2020-10-01 18:56:59'),(54,6,'2012-06-30 03:05:11','2020-10-01 18:56:59'),(55,18,'2013-11-21 02:51:39','2020-10-01 18:56:59'),(56,74,'2013-04-26 21:19:55','2020-10-01 18:56:59'),(57,13,'2015-03-23 02:44:54','2020-10-01 18:56:59'),(58,41,'2017-05-26 18:59:05','2020-10-01 18:56:59'),(59,69,'2012-05-14 15:55:48','2020-10-01 18:56:59'),(60,20,'2019-06-16 23:38:38','2020-10-01 18:56:59'),(61,92,'2012-09-03 15:00:30','2020-10-01 18:56:59'),(62,99,'2014-09-03 05:07:10','2020-10-01 18:56:59'),(63,18,'2012-06-02 02:26:39','2020-10-01 18:56:59'),(64,95,'2012-04-28 10:39:32','2020-10-01 18:56:59'),(65,17,'2012-06-21 23:22:54','2020-10-01 18:56:59'),(66,3,'2016-08-10 09:46:27','2020-10-01 18:56:59'),(67,61,'2019-08-24 04:38:02','2020-10-01 18:56:59'),(68,95,'2019-10-02 09:45:59','2020-10-01 18:56:59'),(69,93,'2020-08-03 17:45:43','2020-10-01 18:56:59'),(70,80,'2019-05-20 15:50:31','2020-10-01 18:56:59'),(71,21,'2015-05-11 08:39:14','2020-10-01 18:56:59'),(72,65,'2020-09-04 21:00:05','2020-10-01 18:56:59'),(73,59,'2019-07-14 01:48:46','2020-10-01 18:56:59'),(74,100,'2015-03-21 20:15:38','2020-10-01 18:56:59'),(75,25,'2015-03-25 09:45:16','2020-10-01 18:56:59'),(76,22,'2019-07-17 11:44:08','2020-10-01 18:56:59'),(77,33,'2016-05-27 06:19:28','2020-10-01 18:56:59'),(78,2,'2015-10-12 12:28:04','2020-10-01 18:56:59'),(79,8,'2011-09-18 10:26:16','2020-10-01 18:56:59'),(80,33,'2020-08-08 21:21:00','2020-10-01 18:56:59'),(81,41,'2017-12-17 01:47:02','2020-10-01 18:56:59'),(82,7,'2016-11-23 00:41:51','2020-10-01 18:56:59'),(83,9,'2017-04-17 00:29:02','2020-10-01 18:56:59'),(84,24,'2018-10-29 15:37:36','2020-10-01 18:56:59'),(85,92,'2017-10-11 17:06:48','2020-10-01 18:56:59'),(86,89,'2018-05-31 23:34:17','2020-10-01 18:56:59'),(87,66,'2014-08-26 15:01:21','2020-10-01 18:56:59'),(88,65,'2015-04-28 09:44:24','2020-10-01 18:56:59'),(89,24,'2010-10-09 20:03:01','2020-10-01 18:56:59'),(90,25,'2013-05-13 17:25:21','2020-10-01 18:56:59'),(91,54,'2017-01-31 00:49:03','2020-10-01 18:56:59'),(92,92,'2019-10-25 02:47:03','2017-05-12 15:09:34'),(93,99,'2016-06-01 20:03:20','2020-10-01 18:56:59'),(94,17,'2015-01-10 22:21:02','2020-10-01 18:56:59'),(95,87,'2020-04-17 18:18:00','2020-10-01 18:56:59'),(96,85,'2016-09-12 22:45:53','2020-10-01 18:56:59'),(97,61,'2017-08-14 16:28:06','2020-10-01 18:56:59'),(98,53,'2016-12-09 14:59:46','2020-10-01 18:56:59'),(99,80,'2015-03-28 20:47:11','2020-10-01 18:56:59'),(100,39,'2016-07-14 00:00:16','2020-10-01 18:56:59');
/*!40000 ALTER TABLE `orders` ENABLE KEYS */;
UNLOCK TABLES;

--
-- Table structure for table `orders_courses`
--

DROP TABLE IF EXISTS `orders_courses`;
/*!40101 SET @saved_cs_client     = @@character_set_client */;
/*!50503 SET character_set_client = utf8mb4 */;
CREATE TABLE `orders_courses` (
  `id` int unsigned NOT NULL AUTO_INCREMENT,
  `order_id` int unsigned NOT NULL,
  `courses_id` int unsigned NOT NULL,
  `total` int unsigned DEFAULT '1',
  `created_at` datetime DEFAULT CURRENT_TIMESTAMP,
  `updated_at` datetime DEFAULT CURRENT_TIMESTAMP ON UPDATE CURRENT_TIMESTAMP,
  PRIMARY KEY (`id`),
  KEY `orders_courses_order_id_fk` (`order_id`),
  KEY `orders_courses_courses_id_fk` (`courses_id`),
  CONSTRAINT `orders_courses_courses_id_fk` FOREIGN KEY (`courses_id`) REFERENCES `courses` (`id`) ON DELETE CASCADE,
  CONSTRAINT `orders_courses_order_id_fk` FOREIGN KEY (`order_id`) REFERENCES `orders` (`id`) ON DELETE CASCADE
) ENGINE=InnoDB AUTO_INCREMENT=101 DEFAULT CHARSET=utf8 COLLATE=utf8_unicode_ci;
/*!40101 SET character_set_client = @saved_cs_client */;

--
-- Dumping data for table `orders_courses`
--

LOCK TABLES `orders_courses` WRITE;
/*!40000 ALTER TABLE `orders_courses` DISABLE KEYS */;
INSERT INTO `orders_courses` VALUES (1,55,33,1,'2018-12-05 23:15:51','2020-10-01 18:59:22'),(2,59,37,1,'2014-03-22 19:37:34','2020-10-01 18:59:55'),(3,30,87,1,'2018-09-19 10:35:17','2020-10-01 18:59:55'),(4,73,25,1,'2016-05-24 09:06:36','2020-10-01 18:59:55'),(5,74,62,1,'2011-10-18 04:36:04','2020-10-01 18:59:22'),(6,52,35,1,'2018-01-29 07:04:25','2020-10-01 18:59:55'),(7,36,88,1,'2015-11-07 10:30:35','2020-10-01 18:59:22'),(8,23,36,1,'2011-10-19 05:11:15','2020-10-01 18:59:55'),(9,5,16,1,'2014-11-16 08:52:25','2020-10-01 18:59:55'),(10,59,69,1,'2011-10-11 09:19:53','2020-10-01 18:59:22'),(11,77,96,1,'2015-01-25 12:58:40','2020-10-01 18:59:22'),(12,9,76,1,'2020-05-14 20:55:29','2020-10-01 18:59:22'),(13,11,88,1,'2012-02-06 17:21:21','2020-10-01 18:59:55'),(14,30,12,1,'2019-05-06 02:55:25','2020-10-01 18:59:55'),(15,14,95,1,'2016-03-23 10:25:50','2020-10-01 18:58:57'),(16,81,40,1,'2015-06-29 16:19:41','2020-10-01 18:59:55'),(17,63,16,1,'2020-02-10 06:05:14','2020-10-01 18:59:55'),(18,72,56,1,'2015-02-19 12:19:32','2020-10-01 18:59:22'),(19,72,35,1,'2018-03-25 14:23:53','2020-10-01 18:59:22'),(20,41,4,1,'2019-09-14 18:51:41','2020-10-01 18:59:55'),(21,88,17,1,'2016-04-06 17:13:12','2020-10-01 18:59:55'),(22,19,69,1,'2012-11-17 12:32:39','2020-10-01 18:59:55'),(23,29,97,1,'2013-08-03 13:52:27','2020-10-01 18:59:55'),(24,89,75,1,'2016-11-01 13:17:14','2020-10-01 18:59:55'),(25,56,86,1,'2016-02-06 12:35:30','2020-10-01 18:59:55'),(26,13,3,1,'2017-01-12 12:17:15','2020-10-01 18:59:22'),(27,95,56,1,'2014-03-27 06:41:26','2020-10-01 18:59:55'),(28,36,71,1,'2016-08-25 00:40:24','2020-10-01 18:58:57'),(29,94,86,1,'2013-09-23 04:55:24','2020-10-01 18:59:55'),(30,63,19,1,'2016-05-20 07:58:46','2020-10-01 18:59:22'),(31,33,33,1,'2017-05-03 14:44:27','2020-10-01 18:59:22'),(32,74,11,1,'2013-07-02 20:49:55','2020-10-01 18:59:55'),(33,71,53,1,'2019-04-13 15:38:01','2020-10-01 18:59:22'),(34,32,34,1,'2019-05-29 12:52:45','2020-10-01 18:59:55'),(35,47,10,1,'2012-03-16 22:17:20','2020-10-01 18:58:57'),(36,37,47,1,'2011-12-31 21:08:04','2020-10-01 18:59:55'),(37,46,3,1,'2017-02-17 07:09:09','2020-10-01 18:59:55'),(38,18,73,1,'2020-06-21 20:47:18','2020-10-01 18:58:57'),(39,49,58,1,'2017-10-21 21:23:45','2020-10-01 18:59:55'),(40,92,71,1,'2019-02-06 18:44:15','2020-10-01 18:59:22'),(41,14,79,1,'2015-12-27 20:49:39','2020-10-01 18:59:55'),(42,92,80,1,'2013-11-10 14:25:14','2020-10-01 18:59:22'),(43,19,63,1,'2019-06-30 06:56:12','2020-10-01 18:59:55'),(44,18,76,1,'2015-10-04 15:05:48','2020-10-01 18:59:22'),(45,34,91,1,'2017-04-07 14:04:39','2020-10-01 18:59:55'),(46,14,26,1,'2012-02-29 15:08:07','2020-10-01 18:59:22'),(47,69,57,1,'2015-08-15 10:04:58','2020-10-01 18:59:55'),(48,2,6,1,'2014-01-12 18:25:32','2020-10-01 18:59:22'),(49,1,57,1,'2014-05-13 20:43:34','2020-10-01 18:59:55'),(50,99,67,1,'2016-01-16 18:58:56','2020-10-01 18:58:57'),(51,90,63,1,'2010-12-27 02:31:10','2020-10-01 18:59:55'),(52,53,16,1,'2015-08-02 21:19:58','2020-10-01 18:58:57'),(53,96,88,1,'2010-10-23 15:18:55','2020-10-01 18:59:55'),(54,18,94,1,'2010-11-04 17:38:13','2020-10-01 18:59:22'),(55,3,2,1,'2012-06-06 01:05:16','2020-10-01 18:59:55'),(56,61,30,1,'2016-01-02 04:52:02','2020-10-01 18:59:55'),(57,94,44,1,'2014-11-16 09:33:57','2020-10-01 18:58:57'),(58,86,31,1,'2012-03-20 20:54:59','2020-10-01 18:59:22'),(59,48,20,1,'2019-03-10 21:14:28','2020-10-01 18:59:55'),(60,82,7,1,'2016-08-01 00:55:25','2020-10-01 18:59:22'),(61,67,73,1,'2015-03-30 13:16:03','2020-10-01 18:59:55'),(62,87,44,1,'2014-02-10 08:55:26','2020-10-01 18:59:55'),(63,32,2,1,'2017-07-18 21:19:37','2020-10-01 18:59:22'),(64,1,77,1,'2015-10-14 09:47:07','2020-10-01 18:59:22'),(65,6,79,1,'2018-10-13 15:50:37','2020-10-01 18:59:22'),(66,29,65,1,'2013-09-17 08:58:55','2020-10-01 18:59:22'),(67,25,86,1,'2012-05-30 09:44:22','2020-10-01 18:59:55'),(68,39,35,1,'2014-08-30 18:55:29','2020-10-01 18:59:55'),(69,19,16,1,'2014-04-07 19:03:19','2020-10-01 18:59:55'),(70,75,74,1,'2010-12-15 19:34:40','2020-10-01 18:59:22'),(71,20,22,1,'2015-07-07 08:20:52','2020-10-01 18:59:22'),(72,73,86,1,'2019-12-26 11:31:47','2020-10-01 18:59:55'),(73,5,66,1,'2011-04-09 21:01:47','2020-10-01 18:59:55'),(74,6,72,1,'2016-12-06 09:41:34','2020-10-01 18:59:55'),(75,14,59,1,'2017-12-17 08:56:35','2020-10-01 18:59:55'),(76,51,79,1,'2014-08-30 06:52:01','2020-10-01 18:59:55'),(77,11,16,1,'2017-03-16 19:32:49','2020-10-01 18:59:22'),(78,5,43,1,'2019-03-02 05:40:08','2020-10-01 18:59:55'),(79,89,67,1,'2017-09-12 08:09:31','2020-10-01 18:59:55'),(80,32,5,1,'2017-03-27 01:35:09','2020-10-01 18:59:22'),(81,90,25,1,'2012-07-29 23:49:54','2020-10-01 18:59:55'),(82,54,10,1,'2011-02-25 23:27:43','2020-10-01 18:59:55'),(83,99,75,1,'2017-07-10 17:58:17','2020-10-01 18:59:55'),(84,32,44,1,'2013-07-08 07:10:21','2020-10-01 18:59:22'),(85,62,94,1,'2015-04-26 11:00:39','2020-10-01 18:59:55'),(86,14,38,1,'2017-10-01 15:06:43','2020-10-01 18:59:55'),(87,84,7,1,'2013-06-28 11:22:37','2020-10-01 18:59:55'),(88,78,21,1,'2015-05-23 19:53:45','2020-10-01 18:59:22'),(89,38,82,1,'2019-03-25 00:22:41','2020-10-01 18:59:55'),(90,54,46,1,'2012-01-24 22:16:03','2020-10-01 18:59:22'),(91,55,85,1,'2012-09-19 10:20:30','2020-10-01 18:59:22'),(92,14,84,1,'2016-01-16 18:10:38','2020-10-01 18:59:22'),(93,3,66,1,'2011-03-16 21:25:43','2020-10-01 18:59:22'),(94,75,78,1,'2012-07-27 01:53:37','2020-10-01 18:59:55'),(95,63,91,1,'2014-01-19 02:34:23','2020-10-01 18:59:55'),(96,91,22,1,'2019-04-13 15:07:08','2020-10-01 18:59:22'),(97,65,34,1,'2013-12-03 04:13:43','2020-10-01 18:59:55'),(98,51,4,1,'2018-03-17 17:39:00','2020-10-01 18:59:55'),(99,59,17,1,'2020-07-09 13:36:54','2020-10-01 18:59:22'),(100,42,74,1,'2011-03-30 04:05:24','2020-10-01 18:59:55');
/*!40000 ALTER TABLE `orders_courses` ENABLE KEYS */;
UNLOCK TABLES;

--
-- Table structure for table `profiles`
--

DROP TABLE IF EXISTS `profiles`;
/*!40101 SET @saved_cs_client     = @@character_set_client */;
/*!50503 SET character_set_client = utf8mb4 */;
CREATE TABLE `profiles` (
  `user_id` int unsigned NOT NULL,
  `gender` enum('m','f') CHARACTER SET utf8 COLLATE utf8_unicode_ci DEFAULT NULL,
  `birthday` date DEFAULT NULL,
  `city` varchar(50) CHARACTER SET utf8 COLLATE utf8_unicode_ci DEFAULT NULL,
  `country` varchar(50) CHARACTER SET utf8 COLLATE utf8_unicode_ci DEFAULT NULL,
  `created_at` datetime DEFAULT CURRENT_TIMESTAMP,
  `updated_at` datetime DEFAULT CURRENT_TIMESTAMP ON UPDATE CURRENT_TIMESTAMP,
  PRIMARY KEY (`user_id`),
  KEY `profiles_birthday_idx` (`birthday`),
  CONSTRAINT `profiles_user_id_fk` FOREIGN KEY (`user_id`) REFERENCES `users` (`id`) ON DELETE CASCADE
) ENGINE=InnoDB DEFAULT CHARSET=utf8 COLLATE=utf8_unicode_ci;
/*!40101 SET character_set_client = @saved_cs_client */;

--
-- Dumping data for table `profiles`
--

LOCK TABLES `profiles` WRITE;
/*!40000 ALTER TABLE `profiles` DISABLE KEYS */;
INSERT INTO `profiles` VALUES (1,'m','1995-04-28','Moscow','Russia','2015-05-09 09:34:21','2020-10-01 18:12:52'),(2,'m','1984-05-30','Moscow','Russia','2014-07-28 04:38:42','2020-10-01 18:12:52'),(3,'f','1979-04-24','Saint Petersburg','Russia','2016-02-25 10:20:39','2020-10-01 18:12:52'),(4,'f','1980-03-31','Ekaterinburg','Russia','2012-01-19 21:50:00','2020-10-01 18:12:52'),(5,'m','1998-09-19','Moscow','Russia','2010-10-30 09:17:03','2020-10-01 18:12:52'),(6,'m','2006-08-30','Vladivostok','Russia','2018-08-19 02:29:55','2020-10-01 18:12:52'),(7,'f','1984-11-30','Saint Petersburg','Russia','2015-08-30 08:43:27','2020-10-01 18:12:52'),(8,'m','2016-04-17','Ekaterinburg','Russia','2016-10-09 09:35:55','2020-10-01 18:12:52'),(9,'m','1975-11-15','Novosibirsk','Russia','2015-06-15 14:16:42','2020-10-01 18:12:52'),(10,'f','1987-02-18','Novosibirsk','Russia','2018-04-17 23:04:21','2020-10-01 18:12:52'),(11,'f','2017-01-16','Novosibirsk','Russia','2017-01-25 03:36:40','2020-10-01 18:12:52'),(12,'f','2002-05-29','Novosibirsk','Russia','2014-10-23 18:08:47','2020-10-01 18:12:52'),(13,'f','1996-08-01','Moscow','Russia','2020-04-01 02:52:09','2020-10-01 18:12:52'),(14,'m','2014-09-16','Moscow','Russia','2014-04-19 05:33:20','2020-10-01 18:12:52'),(15,'f','1984-04-23','Saint Petersburg','Russia','2013-09-07 23:58:08','2020-10-01 18:12:52'),(16,'m','1973-03-06','Moscow','Russia','2015-08-21 10:49:17','2020-10-01 18:12:52'),(17,'m','2011-01-21','Novosibirsk','Russia','2012-09-06 06:30:44','2020-10-01 18:12:52'),(18,'m','1985-08-28','Novosibirsk','Russia','2018-06-04 02:53:15','2020-10-01 18:12:52'),(19,'m','2016-04-07','Vladivostok','Russia','2012-07-09 04:49:55','2020-10-01 18:12:52'),(20,'f','1998-09-22','Moscow','Russia','2016-07-04 04:03:54','2020-10-01 18:12:52'),(21,'f','1990-10-11','Vladivostok','Russia','2020-04-06 02:47:43','2020-10-01 18:12:52'),(22,'m','2004-08-23','Moscow','Russia','2011-07-28 15:32:10','2020-10-01 18:12:52'),(23,'f','2020-03-26','Novosibirsk','Russia','2012-02-14 12:08:31','2020-10-01 18:12:52'),(24,'m','2013-01-22','Ekaterinburg','Russia','2018-09-01 17:28:42','2020-10-01 18:12:52'),(25,'m','2008-05-28','Saint Petersburg','Russia','2017-05-24 04:48:28','2020-10-01 18:12:52'),(26,'m','1991-07-13','Novosibirsk','Russia','2017-06-26 03:07:47','2020-10-01 18:12:52'),(27,'m','1977-03-18','Vladivostok','Russia','2018-06-13 03:17:51','2020-10-01 18:12:52'),(28,'m','2012-08-22','Saint Petersburg','Russia','2015-07-19 10:58:42','2020-10-01 18:12:52'),(29,'m','1972-02-13','Saint Petersburg','Russia','2020-09-13 04:39:28','2020-10-01 18:12:52'),(30,'f','1985-05-16','Vladivostok','Russia','2016-08-03 11:41:49','2020-10-01 18:12:52'),(31,'f','1973-10-30','Saint Petersburg','Russia','2011-09-23 16:36:40','2020-10-01 18:12:52'),(32,'m','1997-01-19','Moscow','Russia','2017-12-30 21:06:51','2020-10-01 18:12:52'),(33,'f','1972-05-17','Moscow','Russia','2013-10-10 17:33:48','2020-10-01 18:12:52'),(34,'f','2018-05-31','Novosibirsk','Russia','2013-03-05 08:40:18','2020-10-01 18:12:52'),(35,'f','1991-12-05','Novosibirsk','Russia','2014-08-31 18:21:04','2020-10-01 18:12:52'),(36,'m','2009-03-23','Moscow','Russia','2015-07-15 08:56:05','2020-10-01 18:12:52'),(37,'f','2010-06-02','Novosibirsk','Russia','2015-08-06 21:40:47','2020-10-01 18:12:52'),(38,'f','2012-03-26','Moscow','Russia','2012-07-19 05:19:27','2020-10-01 18:12:52'),(39,'f','2011-06-24','Saint Petersburg','Russia','2014-04-13 14:04:57','2020-10-01 18:12:52'),(40,'m','1986-05-23','Saint Petersburg','Russia','2013-02-14 00:42:33','2020-10-01 18:12:52'),(41,'m','2005-02-21','Moscow','Russia','2015-10-02 15:47:11','2020-10-01 18:12:52'),(42,'f','2004-12-27','Vladivostok','Russia','2013-10-22 01:52:56','2020-10-01 18:12:52'),(43,'m','2010-02-18','Saint Petersburg','Russia','2011-01-12 00:33:36','2020-10-01 18:12:52'),(44,'m','1987-05-23','Saint Petersburg','Russia','2012-05-26 18:02:22','2020-10-01 18:12:52'),(45,'m','2014-08-16','Moscow','Russia','2012-11-17 23:38:56','2020-10-01 18:12:52'),(46,'f','2016-05-30','Ekaterinburg','Russia','2020-05-15 05:00:43','2020-10-01 18:12:52'),(47,'f','2000-11-11','Novosibirsk','Russia','2018-12-05 23:25:55','2020-10-01 18:12:52'),(48,'m','1978-02-16','Moscow','Russia','2018-12-07 10:48:39','2020-10-01 18:12:52'),(49,'f','1976-02-24','Novosibirsk','Russia','2015-10-04 11:35:23','2020-10-01 18:12:52'),(50,'f','1995-04-10','Ekaterinburg','Russia','2017-09-30 10:05:56','2020-10-01 18:12:52'),(51,'f','1974-05-25','Novosibirsk','Russia','2010-11-30 18:33:49','2020-10-01 18:12:52'),(52,'m','1991-12-07','Ekaterinburg','Russia','2010-11-08 07:04:11','2020-10-01 18:12:52'),(53,'f','2004-07-12','Ekaterinburg','Russia','2017-09-10 21:48:31','2020-10-01 18:12:52'),(54,'m','1985-12-25','Vladivostok','Russia','2012-01-23 00:03:12','2020-10-01 18:12:52'),(55,'m','1975-12-01','Vladivostok','Russia','2012-12-18 18:25:52','2020-10-01 18:12:52'),(56,'f','2013-07-27','Moscow','Russia','2013-05-09 23:57:38','2020-10-01 18:12:52'),(57,'f','2007-09-09','Saint Petersburg','Russia','2018-01-01 11:19:09','2020-10-01 18:12:52'),(58,'f','1979-07-01','Vladivostok','Russia','2018-10-07 15:31:41','2020-10-01 18:12:52'),(59,'f','1989-03-14','Ekaterinburg','Russia','2017-12-02 06:48:38','2020-10-01 18:12:52'),(60,'f','2016-01-04','Vladivostok','Russia','2014-07-01 11:33:53','2020-10-01 18:12:52'),(61,'m','2020-03-18','Ekaterinburg','Russia','2018-05-30 23:15:00','2020-10-01 18:12:52'),(62,'f','2009-02-12','Saint Petersburg','Russia','2013-10-16 15:30:26','2020-10-01 18:12:52'),(63,'m','1985-11-22','Ekaterinburg','Russia','2016-08-17 07:41:50','2020-10-01 18:12:52'),(64,'m','1978-04-15','Ekaterinburg','Russia','2013-01-25 08:57:21','2020-10-01 18:12:52'),(65,'m','2008-06-07','Novosibirsk','Russia','2015-12-17 16:35:26','2020-10-01 18:12:52'),(66,'m','1980-07-25','Novosibirsk','Russia','2015-09-04 09:41:46','2020-10-01 18:12:52'),(67,'m','2009-03-20','Ekaterinburg','Russia','2012-04-19 03:21:49','2020-10-01 18:12:52'),(68,'f','1975-10-08','Ekaterinburg','Russia','2014-09-19 08:20:35','2020-10-01 18:12:52'),(69,'m','1989-08-11','Ekaterinburg','Russia','2017-01-21 19:05:58','2020-10-01 18:12:52'),(70,'m','2001-03-11','Vladivostok','Russia','2010-11-16 21:44:03','2020-10-01 18:12:52'),(71,'f','2004-03-10','Novosibirsk','Russia','2015-02-02 09:26:03','2020-10-01 18:12:52'),(72,'f','1993-05-28','Saint Petersburg','Russia','2013-04-18 21:42:24','2020-10-01 18:12:52'),(73,'m','2010-06-11','Saint Petersburg','Russia','2018-12-25 18:29:28','2020-10-01 18:12:52'),(74,'f','1990-11-12','Moscow','Russia','2020-02-27 19:55:49','2020-10-01 18:12:52'),(75,'m','2008-04-21','Saint Petersburg','Russia','2011-04-05 10:43:19','2020-10-01 18:12:52'),(76,'f','1982-08-01','Saint Petersburg','Russia','2019-08-08 11:53:00','2020-10-01 18:12:52'),(77,'m','1982-04-18','Ekaterinburg','Russia','2014-07-04 05:32:17','2020-10-01 18:12:52'),(78,'f','2012-10-17','Moscow','Russia','2020-03-20 18:21:39','2020-10-01 18:12:52'),(79,'f','2014-10-04','Vladivostok','Russia','2019-12-16 04:27:34','2020-10-01 18:12:52'),(80,'m','1983-10-23','Vladivostok','Russia','2011-01-08 19:46:12','2020-10-01 18:12:52'),(81,'f','2020-09-26','Vladivostok','Russia','2014-06-29 23:07:58','2020-10-01 18:12:52'),(82,'f','1994-12-12','Saint Petersburg','Russia','2013-12-25 20:50:02','2020-10-01 18:12:52'),(83,'f','1990-03-06','Novosibirsk','Russia','2016-08-12 12:20:16','2020-10-01 18:12:52'),(84,'m','2019-06-04','Saint Petersburg','Russia','2011-11-06 23:00:02','2020-10-01 18:12:52'),(85,'m','1975-07-30','Saint Petersburg','Russia','2016-03-28 21:40:11','2020-10-01 18:12:52'),(86,'m','1985-06-23','Ekaterinburg','Russia','2016-06-17 23:32:21','2020-10-01 18:12:52'),(87,'f','1985-06-15','Ekaterinburg','Russia','2011-06-06 04:09:58','2020-10-01 18:12:52'),(88,'f','2011-01-01','Ekaterinburg','Russia','2019-01-11 17:04:29','2020-10-01 18:12:52'),(89,'m','2010-06-04','Saint Petersburg','Russia','2017-04-07 20:54:03','2020-10-01 18:12:52'),(90,'m','1978-07-30','Saint Petersburg','Russia','2011-06-12 03:10:16','2020-10-01 18:12:52'),(91,'m','1984-03-14','Vladivostok','Russia','2020-05-15 05:30:08','2020-10-01 18:12:52'),(92,'m','2000-09-05','Saint Petersburg','Russia','2012-03-30 14:31:41','2020-10-01 18:12:52'),(93,'f','2000-01-18','Novosibirsk','Russia','2019-03-04 14:27:28','2020-10-01 18:12:52'),(94,'f','1995-09-11','Novosibirsk','Russia','2017-08-25 11:19:04','2020-10-01 18:12:52'),(95,'m','1985-06-13','Saint Petersburg','Russia','2017-02-12 04:20:43','2020-10-01 18:12:52'),(96,'f','1986-02-04','Novosibirsk','Russia','2011-08-08 18:45:46','2020-10-01 18:12:52'),(97,'m','1980-08-13','Novosibirsk','Russia','2013-09-05 08:01:43','2020-10-01 18:12:52'),(98,'f','1983-11-14','Moscow','Russia','2020-10-01 06:11:59','2020-10-01 18:12:52'),(99,'f','2008-07-07','Vladivostok','Russia','2015-08-09 16:11:29','2020-10-01 18:12:52'),(100,'f','1976-07-13','Moscow','Russia','2018-12-31 00:14:30','2020-10-01 18:12:52');
/*!40000 ALTER TABLE `profiles` ENABLE KEYS */;
UNLOCK TABLES;

--
-- Table structure for table `users`
--

DROP TABLE IF EXISTS `users`;
/*!40101 SET @saved_cs_client     = @@character_set_client */;
/*!50503 SET character_set_client = utf8mb4 */;
CREATE TABLE `users` (
  `id` int unsigned NOT NULL AUTO_INCREMENT,
  `first_name` varchar(70) CHARACTER SET utf8 COLLATE utf8_unicode_ci NOT NULL,
  `last_name` varchar(70) CHARACTER SET utf8 COLLATE utf8_unicode_ci NOT NULL,
  `email` varchar(50) CHARACTER SET utf8 COLLATE utf8_unicode_ci NOT NULL,
  `phone` varchar(30) CHARACTER SET utf8 COLLATE utf8_unicode_ci NOT NULL,
  `created_at` datetime DEFAULT CURRENT_TIMESTAMP,
  `updated_at` datetime DEFAULT CURRENT_TIMESTAMP ON UPDATE CURRENT_TIMESTAMP,
  PRIMARY KEY (`id`),
  UNIQUE KEY `email` (`email`),
  UNIQUE KEY `phone` (`phone`),
  KEY `users_first_name_idx` (`first_name`),
  KEY `users_last_name_idx` (`last_name`)
) ENGINE=InnoDB AUTO_INCREMENT=101 DEFAULT CHARSET=utf8 COLLATE=utf8_unicode_ci;
/*!40101 SET character_set_client = @saved_cs_client */;

--
-- Dumping data for table `users`
--

LOCK TABLES `users` WRITE;
/*!40000 ALTER TABLE `users` DISABLE KEYS */;
INSERT INTO `users` VALUES (1,'Fredy','Watsica','domenic40@example.net','670.624.2317','2014-09-16 13:05:34','2019-01-05 03:27:05'),(2,'Jackie','Hoppe','kaela66@example.net','1-678-560-7502x66732','2013-11-16 19:55:18','2017-01-08 21:19:41'),(3,'Opal','Predovic','arvel.muller@example.com','232.189.5186x4982','2020-08-27 23:10:11','2020-10-01 18:09:48'),(4,'Lyla','Quitzon','orpha28@example.com','(739)089-4617','2013-08-27 08:47:53','2014-07-13 09:23:19'),(5,'Hank','Connelly','boehm.beaulah@example.net','1-532-582-1115x78515','2016-09-04 22:25:12','2020-01-17 04:37:09'),(6,'Neva','Hackett','libby.jenkins@example.net','294.567.5259','2018-05-24 04:59:51','2020-10-01 18:09:48'),(7,'Anastasia','Casper','sdurgan@example.net','304-964-7791x326','2019-02-03 18:42:03','2020-04-11 22:38:37'),(8,'Damien','O\'Connell','ymitchell@example.com','508.861.2699','2019-01-29 18:22:05','2020-10-01 18:09:48'),(9,'Eli','Willms','koepp.virgie@example.com','+16(5)8299791851','2019-07-23 23:33:44','2020-10-01 18:09:48'),(10,'Heidi','Jenkins','lauryn50@example.org','1-005-982-9675x251','2013-09-07 02:15:11','2020-10-01 18:09:48'),(11,'Edna','Klein','labadie.lyda@example.org','306-730-6686','2016-08-26 20:08:41','2020-10-01 18:09:48'),(12,'Laura','Ward','delia19@example.org','600.998.7867x09198','2016-03-10 18:03:12','2019-11-13 00:57:44'),(13,'Deborah','O\'Kon','pdicki@example.net','1-009-908-2271','2018-10-28 03:16:30','2020-10-01 18:09:48'),(14,'Rebekah','Bogan','schmitt.tessie@example.org','(662)365-4927x5179','2014-02-01 07:10:17','2019-04-07 14:29:44'),(15,'Leatha','Konopelski','hgorczany@example.net','1-997-566-0415x565','2014-01-27 06:53:37','2020-10-01 18:09:48'),(16,'Gilda','Vandervort','lela.williamson@example.net','+63(5)3568820718','2017-09-23 05:10:06','2020-10-01 18:09:48'),(17,'Vincenza','Langworth','fgorczany@example.net','(508)484-6096','2010-10-12 08:18:59','2010-11-06 08:52:53'),(18,'Joesph','Cole','sanford.earline@example.org','828-578-9021x5870','2016-10-24 14:59:57','2020-10-01 18:09:48'),(19,'Lillie','Shields','diana.gislason@example.net','218-313-6148x2174','2011-03-29 03:54:17','2015-08-26 14:09:32'),(20,'Erich','O\'Keefe','uhegmann@example.net','1-620-165-3089x3829','2014-10-22 15:02:58','2020-10-01 18:09:48'),(21,'Marcos','Dicki','ehauck@example.net','238-026-7145x425','2017-12-02 13:57:06','2020-10-01 18:09:48'),(22,'Katrine','Koepp','dejon.graham@example.org','00236105707','2016-06-17 20:32:43','2020-10-01 18:09:48'),(23,'Gregoria','Tillman','kianna97@example.net','668-160-5388','2015-11-15 02:27:46','2020-10-01 18:09:48'),(24,'Kaia','Gibson','lenna.will@example.net','666-533-9681x54724','2014-07-26 05:25:00','2020-10-01 18:09:48'),(25,'Kareem','Reynolds','haven.hyatt@example.org','170.287.0798','2011-07-30 13:16:28','2014-06-30 02:36:21'),(26,'Lorenz','Mraz','marcia02@example.net','1-215-714-2674x3754','2016-03-11 11:36:48','2016-09-25 21:26:17'),(27,'Macey','O\'Kon','mariam.carter@example.net','1-436-844-7345x6006','2011-01-20 15:26:39','2017-12-14 03:52:40'),(28,'Susan','Herzog','crist.karli@example.net','1-565-063-4744','2014-08-23 20:55:11','2018-01-24 08:35:05'),(29,'Crystal','Quitzon','klocko.estella@example.com','+10(5)0041204868','2012-06-30 12:57:04','2018-09-18 22:33:15'),(30,'Cecile','Zemlak','hoeger.leland@example.org','1-604-043-9329','2020-02-15 00:17:33','2020-10-01 18:09:48'),(31,'Dorian','Greenholt','mossie13@example.com','1-072-518-7686x642','2015-02-21 06:46:12','2020-10-01 18:09:48'),(32,'Carolyn','Kemmer','lukas.kiehn@example.net','613.064.7358','2018-07-30 04:10:16','2020-10-01 18:09:48'),(33,'Helmer','Okuneva','keaton16@example.org','765-277-2193x0134','2017-09-01 08:17:48','2018-01-08 06:44:21'),(34,'Lavina','Morar','abner.o\'conner@example.net','09453832907','2017-09-05 04:26:07','2020-10-01 18:09:48'),(35,'Rebeka','Quitzon','dicki.ayden@example.net','834.352.6130','2012-02-07 00:52:16','2016-05-10 23:15:53'),(36,'Florencio','Hartmann','mpagac@example.org','+80(9)3729832538','2017-08-18 19:40:37','2020-10-01 18:09:48'),(37,'Telly','Okuneva','irma25@example.org','647-109-6545x26956','2014-12-06 23:53:28','2015-08-19 20:55:00'),(38,'Leopoldo','Abernathy','qosinski@example.com','(211)227-8395','2011-12-31 23:09:11','2019-12-16 14:41:03'),(39,'Lee','Macejkovic','swift.michelle@example.net','378.653.6136x7610','2011-03-03 08:36:58','2018-10-26 15:09:51'),(40,'Charlie','Schmeler','xhegmann@example.net','06743917266','2020-05-21 09:53:23','2020-10-01 18:09:48'),(41,'Rachael','Heaney','hziemann@example.org','121-822-3041','2015-09-23 13:13:56','2020-10-01 18:09:48'),(42,'Makenna','Beahan','trever72@example.org','(876)500-9001','2011-10-17 15:47:15','2017-11-22 03:46:26'),(43,'Effie','Flatley','lauryn17@example.net','465.600.4212','2012-10-21 11:56:24','2020-10-01 18:09:48'),(44,'Ruby','Stehr','paolo.pagac@example.net','225-191-8561','2017-06-28 05:19:59','2020-10-01 18:09:48'),(45,'Augustine','Hodkiewicz','hiram92@example.net','1-327-814-1771x6966','2017-06-17 03:21:49','2020-10-01 18:09:48'),(46,'Aiden','Larkin','wallace64@example.com','1-694-865-4032x24341','2017-03-03 11:10:36','2018-10-17 23:44:14'),(47,'Haley','Johnston','soledad.mayer@example.com','1-247-342-0647','2019-09-22 02:06:55','2020-10-01 18:09:48'),(48,'Milan','Wuckert','gunner62@example.com','1-449-152-2500x247','2012-05-24 12:20:01','2016-01-03 19:04:42'),(49,'Alejandrin','Morar','daron27@example.com','(542)167-9889','2017-11-05 06:45:21','2020-10-01 18:09:48'),(50,'Barney','Nienow','howell.margarita@example.com','1-044-148-9251x606','2020-02-28 15:30:18','2020-10-01 18:09:48'),(51,'Luis','Heaney','bauch.randi@example.com','(558)547-8948x764','2019-11-15 20:16:35','2020-10-01 18:09:48'),(52,'Jordane','Tremblay','braun.bruce@example.net','(745)385-2698x477','2015-01-10 04:00:12','2015-04-16 20:20:59'),(53,'Pearl','Schamberger','kylie36@example.org','928-940-7005x809','2013-06-19 11:07:34','2017-06-20 00:30:54'),(54,'Cecile','Cartwright','konopelski.lauriane@example.com','132-335-7504','2020-09-27 15:59:23','2020-10-01 18:09:48'),(55,'Kellen','Bruen','gutmann.finn@example.net','(169)188-1094','2018-06-16 01:51:26','2020-10-01 18:09:48'),(56,'Leonor','Koss','vkuhic@example.org','821.794.3767','2019-01-09 03:05:09','2020-10-01 18:09:48'),(57,'Jabari','Gleason','george88@example.net','+30(7)5499933710','2018-09-03 13:22:51','2020-10-01 18:09:48'),(58,'Mohammad','Herman','o\'hara.dora@example.org','1-092-183-1824','2014-12-27 21:21:52','2020-10-01 18:09:48'),(59,'Olen','Bernhard','bette85@example.org','003-795-4851x4362','2014-01-04 07:39:24','2014-08-31 10:37:39'),(60,'Eldridge','Sporer','oceane.mayert@example.com','758-209-4624x2836','2017-07-14 09:41:58','2020-10-01 18:09:48'),(61,'Audrey','Monahan','vince.fritsch@example.org','+48(0)3170780375','2018-08-04 16:37:25','2020-10-01 18:09:48'),(62,'Clotilde','Schamberger','lindgren.bret@example.com','753.858.2918x32496','2015-06-19 15:01:46','2020-10-01 18:09:48'),(63,'Jules','Klocko','trudie74@example.org','09491833383','2015-05-28 03:57:25','2020-10-01 18:09:48'),(64,'Kamron','Franecki','emorar@example.org','1-987-945-8434','2018-09-18 03:58:29','2020-10-01 18:09:48'),(65,'Duncan','Kunde','ikoch@example.net','047-413-1736','2019-08-26 10:22:51','2020-10-01 18:09:48'),(66,'Walker','Ebert','cweissnat@example.org','1-663-698-4083x207','2018-10-23 07:17:50','2020-10-01 18:09:48'),(67,'Hillard','Nitzsche','leopold96@example.com','08774635936','2014-06-02 18:07:07','2017-12-06 16:47:35'),(68,'Yolanda','Walsh','hazle.o\'conner@example.net','461.307.6923x698','2016-11-14 00:28:21','2020-10-01 18:09:48'),(69,'Shaylee','Funk','germaine06@example.org','1-737-006-0850','2019-08-24 03:06:58','2020-10-01 18:09:48'),(70,'Tanner','Gleason','dare.clinton@example.org','514.062.7252','2011-12-12 11:31:56','2020-10-01 18:09:48'),(71,'Mireille','Mante','hnitzsche@example.com','+13(1)3916662859','2013-12-08 02:12:41','2017-07-20 10:45:05'),(72,'June','Rippin','amckenzie@example.net','(645)799-3121','2014-03-11 13:26:52','2016-09-29 18:22:43'),(73,'Ines','Denesik','theresia.trantow@example.net','1-842-389-6874x947','2013-12-19 03:26:40','2020-10-01 18:09:48'),(74,'Jailyn','Tromp','wweissnat@example.org','04747249803','2011-04-09 22:32:27','2016-06-27 08:52:17'),(75,'Maximo','Weimann','amelie.schaden@example.org','788-939-5274','2011-08-25 02:04:25','2016-08-09 12:39:07'),(76,'Quinten','Thompson','crist.kiel@example.com','1-392-903-0830','2017-08-29 14:21:10','2020-10-01 18:09:48'),(77,'Queen','Gleichner','dan73@example.org','(154)717-3648x676','2019-02-21 23:54:52','2020-10-01 18:09:48'),(78,'Arnulfo','Stamm','vcartwright@example.net','1-428-233-4867x9067','2012-12-21 17:38:06','2020-10-01 18:09:48'),(79,'Gertrude','Treutel','keith74@example.net','(169)744-7203','2018-06-05 03:08:01','2020-10-01 18:09:48'),(80,'Emilio','Will','o\'conner.chanelle@example.net','1-952-843-2617x046','2020-04-07 07:33:06','2020-10-01 18:09:48'),(81,'Emmanuel','Windler','earnestine.o\'hara@example.com','1-717-835-1524x6150','2016-07-07 16:52:32','2016-10-27 23:43:00'),(82,'Bret','Batz','ykassulke@example.org','(407)949-8828','2011-10-05 23:13:42','2020-08-27 22:40:43'),(83,'Mabelle','Harber','willms.retha@example.org','002-717-5439x626','2016-11-08 13:16:53','2020-10-01 18:09:48'),(84,'Chloe','Harber','xreichert@example.net','951.345.3621x500','2014-01-01 14:43:32','2014-06-22 15:08:32'),(85,'Cassandre','Kuhn','kub.nellie@example.com','989.605.2498x657','2011-11-04 23:32:41','2020-10-01 18:09:48'),(86,'Tanner','Mitchell','cruickshank.aracely@example.org','1-125-928-5597x725','2019-08-14 18:03:03','2020-10-01 18:09:48'),(87,'Krista','Collins','fwunsch@example.net','1-622-093-1045','2019-09-12 13:02:25','2020-10-01 18:09:48'),(88,'Kelley','Kuhlman','muller.johnny@example.org','810-879-9425','2014-10-03 12:27:40','2020-10-01 18:09:48'),(89,'Laury','Murray','herminio.bergnaum@example.com','585-573-0161','2013-10-28 09:05:49','2020-10-01 18:09:48'),(90,'Elisabeth','Glover','mattie.green@example.net','1-728-607-6639','2011-09-20 07:31:34','2012-04-01 09:29:18'),(91,'Angela','Kling','vhessel@example.org','06437956535','2011-10-30 22:41:35','2016-09-28 00:09:09'),(92,'Brycen','Mante','damion.kunze@example.org','(944)473-4901x245','2013-05-16 15:13:10','2014-06-10 05:32:18'),(93,'Cierra','Gusikowski','raoul64@example.net','(818)444-2165x8625','2014-07-21 18:28:07','2016-10-13 14:42:21'),(94,'Paige','Ferry','kkris@example.com','367-373-1902','2016-04-28 06:12:06','2019-05-20 22:43:29'),(95,'Alberto','Bins','vicente.eichmann@example.net','246-241-2513x448','2012-10-06 12:57:35','2016-09-22 22:51:41'),(96,'Bud','Connelly','ddietrich@example.net','+18(3)3746335913','2020-01-30 03:18:34','2020-10-01 18:09:48'),(97,'Alva','Breitenberg','lwehner@example.org','693.016.8682x0991','2015-01-01 08:39:40','2020-07-13 20:58:41'),(98,'Vella','Blanda','ali00@example.net','921.840.7057','2013-07-29 01:47:13','2020-10-01 18:09:48'),(99,'Selena','Witting','sipes.brennon@example.org','01526073322','2019-01-13 04:17:20','2020-10-01 18:09:48'),(100,'Evert','Murray','laron30@example.net','+25(1)8074903750','2018-01-25 05:35:45','2020-10-01 18:09:48');
/*!40000 ALTER TABLE `users` ENABLE KEYS */;
UNLOCK TABLES;

--
-- Table structure for table `webinars`
--

DROP TABLE IF EXISTS `webinars`;
/*!40101 SET @saved_cs_client     = @@character_set_client */;
/*!50503 SET character_set_client = utf8mb4 */;
CREATE TABLE `webinars` (
  `id` int unsigned NOT NULL AUTO_INCREMENT,
  `courses_id` int unsigned NOT NULL,
  `video` varchar(150) CHARACTER SET utf8 COLLATE utf8_unicode_ci DEFAULT NULL,
  `desription` text CHARACTER SET utf8 COLLATE utf8_unicode_ci,
  `created_at` datetime DEFAULT CURRENT_TIMESTAMP,
  `updated_at` datetime DEFAULT CURRENT_TIMESTAMP ON UPDATE CURRENT_TIMESTAMP,
  PRIMARY KEY (`id`),
  KEY `webinars_courses_id_fk` (`courses_id`),
  KEY `webinars_video_idx` (`video`),
  CONSTRAINT `webinars_courses_id_fk` FOREIGN KEY (`courses_id`) REFERENCES `courses` (`id`) ON DELETE CASCADE
) ENGINE=InnoDB AUTO_INCREMENT=101 DEFAULT CHARSET=utf8 COLLATE=utf8_unicode_ci;
/*!40101 SET character_set_client = @saved_cs_client */;

--
-- Dumping data for table `webinars`
--

LOCK TABLES `webinars` WRITE;
/*!40000 ALTER TABLE `webinars` DISABLE KEYS */;
INSERT INTO `webinars` VALUES (1,74,'application/vnd.oasis.opendocument.spreadsheet','Quaerat in cumque aut qui quia quae eveniet. Aut et et id et culpa voluptas velit. Dicta distinctio possimus ducimus quod ut nobis.','2017-02-02 14:22:52','2020-10-01 19:17:37'),(2,11,'application/vnd.fluxtime.clip','Voluptatem repellendus sunt qui eum quas. Non ut necessitatibus modi et. Sit dolorem impedit et. Consequatur rem dolorum est est ipsa pariatur.','2019-04-23 08:39:13','2020-10-01 19:17:37'),(3,33,'application/vnd.sun.xml.draw','In culpa aut quo magni saepe. Id id aut doloremque velit officia aut soluta autem. Corporis libero dicta beatae.','2017-04-19 06:48:03','2020-10-01 19:17:37'),(4,34,'application/vnd.xara','Tempora provident perspiciatis perspiciatis incidunt reprehenderit perspiciatis repudiandae sed. Inventore dolorum repudiandae molestiae. Blanditiis dolorem fugit repudiandae voluptatem rerum ea.','2019-11-26 17:26:44','2020-10-01 19:17:37'),(5,70,'application/java-archive','Doloribus autem amet voluptate. Quisquam veniam voluptas in cum aliquam id cumque. Voluptas in maxime consectetur dolor vitae commodi ea. Eveniet in dignissimos libero tempore qui sed est.','2011-12-03 22:24:40','2020-10-01 19:17:37'),(6,45,'video/vnd.dece.pd','Impedit minima porro temporibus deserunt. Voluptatibus quasi perferendis sit et ipsa voluptatem non. Voluptatem magni harum nesciunt ea ut soluta.','2018-03-29 00:54:36','2020-10-01 19:17:37'),(7,15,'application/x-xfig','Cupiditate ullam rem provident neque voluptates sunt. Optio ex quae voluptas et. Perspiciatis ipsa voluptas corrupti veniam. Vel sit quidem consequuntur laudantium vel.','2017-10-16 17:42:14','2020-10-01 19:17:37'),(8,39,'application/xhtml+xml','Eveniet nemo consequatur fuga ea quia. Nobis nemo eligendi culpa nihil. Omnis sed qui numquam et ad. Numquam exercitationem illo repellat dignissimos.','2015-01-21 04:02:50','2020-10-01 19:17:37'),(9,51,'application/x-chat','Eius eos dolor veritatis ut. Quia sunt qui dolorem et distinctio officia. Sunt voluptatem quo consequatur voluptatem et et.','2016-10-28 07:18:18','2020-10-01 19:17:37'),(10,38,'image/cgm','Hic nemo est doloribus molestiae nemo eos totam. Fugiat molestias ea culpa tenetur quia. Magnam iusto eum quia dolore id modi voluptas.','2012-05-29 11:53:58','2020-10-01 19:17:37'),(11,36,'application/x-research-info-systems','Debitis velit sunt consectetur mollitia labore. Quae velit occaecati eum recusandae tempore. Nisi qui fugit qui. Saepe eligendi sit corrupti quo similique aut ut expedita.','2020-09-14 18:04:10','2020-10-01 19:17:37'),(12,65,'application/yang','Sunt deserunt explicabo voluptas et natus. Quidem aut ratione ut autem. Architecto alias quisquam ut omnis alias. Quis officiis nam vero voluptatem suscipit quo quis.','2018-08-21 03:46:24','2020-10-01 19:17:37'),(13,18,'image/sgi','Dolor minima ipsa sed hic. Corrupti voluptas at qui nostrum. Eos occaecati totam non asperiores iste velit.','2019-07-27 05:32:52','2020-10-01 19:17:37'),(14,95,'text/x-opml','Velit ea est occaecati deserunt vel nesciunt eveniet officiis. Commodi labore velit ut facilis. Doloribus officiis omnis tenetur ratione. Error laudantium nulla maiores.','2011-04-07 04:40:56','2020-10-01 19:17:37'),(15,20,'image/x-portable-anymap','Quae aut mollitia dolores sed omnis dolorem voluptas. Sit asperiores sed labore. Earum repudiandae unde et consequatur odio rerum ea.','2011-03-20 22:52:11','2020-10-01 19:17:37'),(16,14,'application/pkixcmp','Quaerat sed eaque id aperiam. Ab earum architecto vel voluptas aut vitae harum. Magni minus est cupiditate quia. Quia aut assumenda consequatur libero.','2016-08-02 11:39:42','2020-10-01 19:17:37'),(17,11,'text/troff','Sint non odit tempore eius ut et aut. Voluptates blanditiis odit ut soluta odio. Ut iste assumenda non doloribus. Magni cum harum excepturi placeat. Qui excepturi est deleniti iste.','2014-05-25 18:26:30','2020-10-01 19:17:37'),(18,13,'application/x-chess-pgn','Possimus perspiciatis numquam quo ut nisi accusamus illum. Eos quia ducimus non quisquam iusto atque sit. Et magni veritatis dicta aut. Inventore amet tenetur molestias ut unde modi omnis.','2018-06-13 03:55:41','2020-10-01 19:17:37'),(19,31,'application/x-msbinder','Odio et consequuntur ab consectetur. Et ipsa ut accusantium eum neque architecto temporibus. Quia deleniti adipisci harum enim. Quisquam qui eligendi culpa eum.','2014-07-19 21:56:20','2020-10-01 19:17:37'),(20,14,'video/x-flv','Architecto ea corporis expedita ex. Veniam aliquam aperiam et voluptatibus. Ab expedita provident velit est.','2018-02-23 22:53:17','2020-10-01 19:17:37'),(21,79,'image/vnd.djvu','Repellat nam deserunt similique doloremque libero veritatis labore. Error labore error laboriosam explicabo odio. Minima et tempora veniam qui animi adipisci.','2011-01-28 15:12:20','2020-10-01 19:17:37'),(22,52,'application/vnd.sun.xml.impress','Ea eos quae voluptatibus dolor. Placeat corporis voluptas laboriosam quas in. Voluptatem veritatis consequatur eum reprehenderit.','2016-04-03 09:13:00','2020-10-01 19:17:37'),(23,21,'audio/x-aiff','Aliquid similique ut eos. Quas qui reprehenderit sunt quia quod temporibus non ut. Doloremque sapiente optio quasi labore. Et quo nemo sunt magni ullam.','2014-04-18 04:08:37','2020-10-01 19:17:37'),(24,50,'application/widget','Iusto ipsam inventore eum quibusdam. Perferendis et qui est nemo enim molestias. Expedita distinctio alias et velit qui accusamus dolores. Aut quis sequi autem nobis aspernatur saepe occaecati alias.','2014-10-04 02:51:50','2020-10-01 19:17:37'),(25,85,'application/x-tads','Debitis laborum voluptatum dolorem enim velit. Numquam tenetur sequi laborum et voluptatem ducimus cum officia. Ut ut quae atque dignissimos est et.','2011-07-01 18:36:46','2020-10-01 19:17:37'),(26,76,'application/vnd.dece.zip','Reiciendis voluptates iusto hic aut. Nemo vel error exercitationem dolores sunt nobis eveniet. Et facere autem asperiores explicabo deleniti. Velit quia natus dolores ab est.','2018-05-15 04:10:45','2020-10-01 19:17:37'),(27,25,'application/x-ms-wmd','Est qui quasi voluptates sapiente et enim. Architecto temporibus corporis non. Earum eveniet fugit in nisi voluptatum cumque sint placeat.','2019-12-24 07:50:47','2020-10-01 19:17:37'),(28,96,'video/x-ms-wmx','Sit nihil quia quaerat nemo est quia. Ab quae voluptas molestiae qui vero necessitatibus nam. Molestias porro excepturi eum facere suscipit sit iste.','2015-03-01 01:24:45','2020-10-01 19:17:37'),(29,3,'application/vnd.oasis.opendocument.image-template','Odit fuga velit itaque itaque et. Suscipit suscipit consequuntur ad autem commodi est. Itaque praesentium eligendi maiores id reiciendis mollitia qui. Vitae voluptas sit officiis sequi.','2012-09-23 08:36:40','2020-10-01 19:17:37'),(30,25,'application/x-msbinder','Praesentium amet impedit animi ad minima. Tempore ut voluptatem aut qui laudantium facilis repellat. At voluptatem at vero eum rerum. Vitae eum qui reiciendis deserunt nostrum rem.','2013-03-21 03:51:58','2020-10-01 19:17:37'),(31,19,'application/x-iso9660-image','Id omnis suscipit odit et aliquid. Quis sunt reprehenderit odit saepe accusamus occaecati maxime. Veniam rem voluptatem alias.','2014-05-11 15:30:43','2020-10-01 19:17:37'),(32,17,'text/x-fortran','Ut vero soluta nesciunt. Eligendi ipsa repellat ratione possimus quia voluptas dolorem. Ratione vitae omnis a illo aut ipsum.','2020-05-15 10:57:56','2020-10-01 19:17:37'),(33,28,'application/vnd.ds-keypoint','Distinctio alias earum sit maiores magni vitae blanditiis. Quibusdam perferendis illo cumque quod saepe suscipit et et. Autem excepturi voluptas atque sit.','2011-12-04 13:47:19','2020-10-01 19:17:37'),(34,89,'application/ogg','Fuga est nobis incidunt blanditiis et nihil. Vel ducimus perferendis aliquid voluptatem officiis consectetur nesciunt. Voluptas maxime suscipit magni deserunt reprehenderit et veritatis.','2012-01-22 08:24:20','2020-10-01 19:17:37'),(35,59,'application/xaml+xml','Non tempora ipsum sed placeat quas. Et distinctio architecto placeat maxime consequatur debitis incidunt. Aliquid quam qui id est mollitia eveniet maxime.','2014-07-11 21:09:56','2020-10-01 19:17:37'),(36,29,'text/vnd.curl.dcurl','Odio quis perspiciatis eum hic doloremque. Numquam vitae reprehenderit sequi sit dolorum sequi neque praesentium. Dolores animi hic quia accusamus dicta. Eaque eius aliquid est.','2018-05-05 00:54:02','2020-10-01 19:17:37'),(37,67,'application/vnd.ms-excel.sheet.binary.macroenabled.12','Omnis temporibus sed quas quisquam officiis. Tenetur non repudiandae cupiditate rem quia harum. Et aut aut modi ut ut cumque. Nostrum asperiores quaerat modi dignissimos voluptate.','2016-12-28 17:28:57','2020-10-01 19:17:37'),(38,49,'application/vnd.oasis.opendocument.text','Voluptas iure commodi ut fuga. Illum molestiae quis consequatur eligendi at. Cupiditate autem porro animi cumque rerum. Aut voluptatibus sint expedita sunt voluptatem incidunt.','2019-01-13 08:28:24','2020-10-01 19:17:37'),(39,43,'application/vnd.smaf','Quis voluptatibus repellat nemo voluptates eum vitae velit. Autem eum fugiat aliquid id sint.','2016-03-08 05:21:27','2020-10-01 19:17:37'),(40,69,'application/x-silverlight-app','Facilis modi quo maiores earum. A sed eaque sit. Est molestiae qui et sunt nemo. Sit ab voluptatem nesciunt impedit laborum ullam.','2014-09-24 06:10:02','2020-10-01 19:17:37'),(41,14,'application/x-tads','Repellendus molestiae fuga beatae nulla. Nesciunt consequuntur quisquam debitis quis. Eveniet neque incidunt fugit facere quae est sequi.','2011-10-05 00:17:10','2020-10-01 19:17:37'),(42,61,'text/uri-list','Neque et dolor nobis. Dolorem mollitia qui id odio recusandae vel iusto. Voluptas dolorem expedita voluptate quia voluptas iste. Quis sed nam eligendi est rerum.','2015-03-17 15:36:21','2020-10-01 19:17:37'),(43,63,'application/vnd.sun.xml.writer.template','Omnis qui voluptatibus quod odio eius voluptate. Consequatur sunt debitis dolor quia odio. Laborum repellat sint repellat repudiandae praesentium.','2018-02-14 11:24:36','2020-10-01 19:17:37'),(44,31,'application/x-zmachine','Non rem porro provident reprehenderit vel. Eaque voluptatem rerum ipsa sed aut laudantium tempora. Velit animi dolorem id consequatur asperiores laudantium excepturi.','2012-04-12 06:00:41','2020-10-01 19:17:37'),(45,66,'text/vnd.curl.mcurl','Earum ad unde cupiditate doloremque consequuntur delectus aperiam. Qui cum dolores in ut. Est sapiente blanditiis culpa doloribus a dignissimos.','2020-06-05 09:21:23','2020-10-01 19:17:37'),(46,37,'application/vnd.recordare.musicxml','Animi ab autem et quia dolores suscipit. Pariatur et hic ipsum dolorem. Vitae et totam voluptas asperiores excepturi.','2014-06-20 13:27:03','2020-10-01 19:17:37'),(47,84,'video/ogg','Error dolores illum nesciunt non consequuntur qui. Quidem quo dolorem perspiciatis minima. Sed aliquam nesciunt occaecati dolorem fugit.','2016-07-20 15:12:59','2020-10-01 19:17:37'),(48,12,'video/x-m4v','Tenetur iste tempore ab odio non fugiat aliquid. Sunt vero maxime aut magni sed doloremque. Culpa natus vel quas delectus sed.','2017-06-29 16:06:14','2020-10-01 19:17:37'),(49,6,'image/prs.btif','Voluptate omnis nisi dolorem in. Dolorem aut vel maiores quia quasi atque dolorem. Eius ipsum neque nemo possimus quam nihil mollitia. Sed et eos amet perferendis tempore.','2012-07-13 14:05:27','2020-10-01 19:17:37'),(50,95,'application/x-gramps-xml','Aliquam odio in quod minus. Quibusdam repudiandae similique doloribus qui aut possimus quis. Quis accusamus eos ea ab explicabo nam.','2012-12-02 07:44:23','2020-10-01 19:17:37'),(51,56,'image/vnd.wap.wbmp','Quia quas molestiae deleniti non mollitia sequi. Ut tempore possimus beatae repellendus blanditiis autem earum. Iusto sed aliquid consequuntur fuga aut voluptatem.','2014-05-24 06:39:59','2020-10-01 19:17:37'),(52,95,'application/vnd.unity','Quis inventore mollitia amet ea consequatur. Earum repudiandae illum est accusamus. Cum soluta atque deleniti cumque tenetur esse ea.','2014-01-15 01:58:45','2020-10-01 19:17:37'),(53,4,'application/x-subrip','Non fugiat fuga non dolore qui distinctio sint. Ut rem enim dolorem doloribus aspernatur. Labore veniam architecto nisi aliquam.','2012-08-19 05:25:18','2020-10-01 19:17:37'),(54,35,'text/uri-list','Placeat veniam cum ratione aspernatur quia. Accusamus ut deleniti debitis ipsam aut et. Harum cum facere veniam eveniet qui est eos. Voluptatem ut nisi ad nulla et.','2018-11-08 06:17:01','2020-10-01 19:17:37'),(55,63,'application/vnd.kenameaapp','Aut dignissimos qui mollitia non reiciendis cum quo. Odit molestiae provident similique ab. Architecto repellat qui eaque eius consequatur quasi sed. Ullam aliquid minima nihil doloribus occaecati.','2018-05-20 20:16:18','2020-10-01 19:17:37'),(56,11,'model/mesh','Praesentium exercitationem laboriosam sit hic quo perspiciatis. Fugiat quidem culpa id velit assumenda.','2012-05-21 06:39:43','2020-10-01 19:17:37'),(57,65,'application/vnd.oasis.opendocument.presentation','Sed sunt et reprehenderit tenetur ipsum quia consequuntur. Facilis explicabo ad porro. Rerum quas saepe a qui.','2014-01-16 02:47:20','2020-10-01 19:17:37'),(58,90,'video/x-flv','Est in enim eos explicabo sed laborum aliquid. Distinctio ut omnis eligendi labore. Animi nihil blanditiis a dolore reiciendis iste.','2019-12-03 08:54:54','2020-10-01 19:17:37'),(59,57,'image/ktx','A et dicta natus est. Fugit provident rerum repellat delectus quam officia atque. Blanditiis suscipit soluta quam inventore perspiciatis vitae. Aut sunt autem a accusamus suscipit et aut.','2017-05-15 07:08:59','2020-10-01 19:17:37'),(60,14,'application/x-freearc','Repudiandae iusto nostrum aut nulla sint quaerat. Omnis voluptatem officia numquam in dolorem blanditiis. Id explicabo nobis atque rerum iusto voluptatem. Ut deserunt libero assumenda.','2017-05-04 21:37:36','2020-10-01 19:17:37'),(61,96,'text/vnd.in3d.3dml','Est libero suscipit ut illo veritatis saepe. Repudiandae dolor eligendi omnis et reiciendis minus aspernatur. Blanditiis error aperiam minima facere.','2011-07-05 05:52:02','2020-10-01 19:17:37'),(62,41,'application/vnd.sus-calendar','Accusamus non saepe fuga quod aperiam omnis minima. Eius non ea eius perferendis. Ea autem modi cumque. Iste possimus error est quaerat minima. Porro ex nulla quo unde.','2019-05-09 19:54:02','2020-10-01 19:17:37'),(63,13,'text/tab-separated-values','Quis cupiditate non corporis nemo consequatur. Voluptatibus animi eos et enim enim. Velit sed nihil quam est possimus magni assumenda.','2020-07-30 22:27:48','2020-10-01 19:17:37'),(64,45,'text/x-setext','Sunt magni sint dolorum possimus dolorum. Id ut ipsam recusandae itaque modi vel. Vero sit qui deleniti quia unde recusandae. Ut sit quam vitae voluptatem repellendus voluptas quo.','2018-04-28 23:11:18','2020-10-01 19:17:37'),(65,83,'application/x-texinfo','Qui vero officiis deserunt doloribus. In ut qui ad voluptatem quisquam esse soluta. Architecto architecto omnis et sequi dicta laudantium aut.','2020-02-02 01:26:54','2020-10-01 19:17:37'),(66,82,'application/xspf+xml','Sunt maiores modi aperiam assumenda consequatur. Aut earum dolores voluptas harum. Qui blanditiis iusto aliquid vel. Voluptatem et alias tenetur fuga voluptas odit. Ut nihil quo similique alias et.','2016-05-19 11:19:47','2020-10-01 19:17:37'),(67,58,'application/vnd.kde.kpresenter','Impedit blanditiis et repellat est. Consectetur fugiat veritatis quam nostrum qui eligendi at. Qui mollitia accusantium et omnis.','2016-02-23 03:08:55','2020-10-01 19:17:37'),(68,44,'application/x-cpio','Voluptatem et quo quia veniam. Tempore laudantium ea sit non pariatur eos ad. Sed illum debitis vel nostrum odit vel molestias voluptatum.','2020-02-04 11:26:10','2020-10-01 19:17:37'),(69,46,'application/vnd.ecowin.chart','Non in dolorem voluptatibus modi. Aut vel eligendi nihil ipsa sunt. Laborum dolorem non modi omnis excepturi et sit. Eum pariatur ullam et placeat.','2011-02-23 23:26:41','2020-10-01 19:17:37'),(70,97,'application/vnd.ms-htmlhelp','Sed ipsum delectus ullam et quas ullam. Perferendis consequatur quidem aliquid. Facilis soluta saepe sint. Ipsam ducimus nam quis enim dolore aut culpa et.','2019-09-13 17:27:11','2020-10-01 19:17:37'),(71,49,'application/vnd.simtech-mindmapper','Culpa unde enim eos qui nam. Est aspernatur quia suscipit totam doloribus dolorem magnam. Vel voluptas quia at expedita.','2016-11-05 02:50:57','2020-10-01 19:17:37'),(72,50,'application/vnd.oasis.opendocument.image-template','Nostrum quis modi quia ipsum ipsum magni voluptate. Et est consequatur dolores sed officia. Et accusamus repudiandae est enim et dolorem odio.','2014-12-22 04:32:22','2020-10-01 19:17:37'),(73,3,'application/vnd.sun.xml.calc','Aut voluptates blanditiis tempora et nihil autem. Id asperiores dolorum deleniti ut eum. Laborum nihil maxime et veritatis fuga quis. Sed culpa fuga consectetur eveniet atque est quaerat.','2014-04-23 13:42:12','2020-10-01 19:17:37'),(74,65,'image/png','Aliquam sunt nam dolorem. Sed aut et vel pariatur officiis est.','2014-05-09 22:14:42','2020-10-01 19:17:37'),(75,15,'image/webp','Veniam recusandae ratione et est consequatur aut. Dolor voluptatem voluptatibus voluptas soluta dolorem. Ea incidunt sit quibusdam dolorem velit fugit repudiandae.','2018-08-16 18:11:47','2020-10-01 19:17:37'),(76,81,'application/vnd.wolfram.player','Laudantium ut natus a voluptates. Enim facere soluta error modi blanditiis ad saepe. Voluptatem eos fuga aut est voluptatem hic. Rerum voluptate qui quaerat explicabo occaecati corrupti ea quia.','2013-03-18 10:12:34','2020-10-01 19:17:37'),(77,58,'application/vnd.realvnc.bed','Ea quia velit voluptatem molestiae accusamus nulla vel. Assumenda eum sit recusandae et aut officia nemo. Doloremque autem dolore nobis a omnis nobis. Adipisci ut non aperiam laudantium eius odio.','2011-06-02 02:18:44','2020-10-01 19:17:37'),(78,48,'image/cgm','Qui ea earum saepe qui doloribus. Voluptatem dicta omnis est quo. Veritatis non nesciunt doloribus quos quae ut numquam. Perferendis et commodi consectetur. Omnis nam commodi commodi.','2012-12-05 04:10:25','2020-10-01 19:17:37'),(79,65,'image/x-rgb','Nobis est est a cupiditate et. Sapiente repellat deleniti qui aut nihil doloremque. Est in ullam expedita rerum. Sit in aut quidem dolorem necessitatibus recusandae reprehenderit.','2016-09-11 20:43:59','2020-10-01 19:17:37'),(80,79,'application/vnd.hal+xml','Porro animi velit sit voluptate libero enim. Rerum aut et vel velit laboriosam qui. Vero enim labore aperiam.','2015-02-19 04:36:23','2020-10-01 19:17:37'),(81,2,'text/vnd.curl.mcurl','Quam vitae qui ut dolore rerum illum. Libero quibusdam qui natus quia aut sint iure. Amet natus tempore esse et voluptates neque nulla.','2016-05-21 08:53:54','2020-10-01 19:17:37'),(82,70,'text/vnd.wap.wml','Ut deserunt voluptas eligendi architecto. Veritatis qui deleniti reprehenderit quam velit. Optio et qui praesentium in cumque libero fugit. Qui iusto odio consequatur.','2017-08-29 14:29:18','2020-10-01 19:17:37'),(83,44,'audio/x-ms-wax','Excepturi doloribus sunt perferendis. Voluptates molestias facilis repudiandae voluptas. Doloremque delectus aut sit. Adipisci quidem inventore quasi perferendis non aut aut.','2012-07-27 23:03:14','2020-10-01 19:17:37'),(84,8,'video/vnd.dece.hd','Et tempore quo aliquid ut qui et exercitationem eum. Debitis rerum tempore non qui cupiditate.','2013-09-02 16:02:45','2020-10-01 19:17:37'),(85,10,'text/vnd.in3d.spot','Optio cum temporibus nostrum rerum explicabo consequatur. Dolor sunt molestiae sint cupiditate. Dolorum ut repudiandae asperiores rerum cumque labore.','2013-04-25 14:06:51','2020-10-01 19:17:37'),(86,24,'video/vnd.dvb.file','Sint tenetur beatae dolor et. Ea sequi sequi ex et rerum sed laboriosam. Et ut cum qui praesentium.','2020-04-13 03:26:50','2020-10-01 19:17:37'),(87,89,'video/x-ms-vob','Molestiae iure alias eius repudiandae nesciunt non. Qui eveniet quibusdam quae ut nulla in aspernatur. Rerum consequatur et omnis rerum est.','2020-08-18 05:11:23','2020-10-01 19:17:37'),(88,74,'application/vnd.musician','Et nemo velit autem dolores amet consectetur ipsa. Minus impedit assumenda dolorem est itaque. Qui qui aliquam quod ea consequuntur voluptas.','2011-12-27 05:29:26','2020-10-01 19:17:37'),(89,1,'video/x-sgi-movie','Pariatur et cumque et nihil. Earum veniam libero vel facilis. Necessitatibus eum ad quo doloremque sapiente ea. Omnis facilis alias nam voluptatem magni eos consequatur commodi.','2014-06-10 09:01:16','2020-10-01 19:17:37'),(90,82,'application/pgp-encrypted','Est minus itaque expedita eius dicta. Aut maxime ut necessitatibus est dolor odio sunt. Ut dolores velit laborum beatae at velit esse. Id voluptatem odit et iusto dolores ea.','2017-01-27 20:05:46','2020-10-01 19:17:37'),(91,8,'model/vnd.dwf','Et repudiandae sit accusamus fuga ipsum eos occaecati. Culpa tempore minima totam ut aperiam rerum. Necessitatibus ut explicabo maxime eius.','2011-10-20 03:43:57','2020-10-01 19:17:37'),(92,92,'model/mesh','Harum repellendus iste exercitationem quia et fugiat quos. Omnis earum repellat suscipit itaque omnis.','2017-09-30 12:38:07','2014-08-20 15:26:16'),(93,35,'video/vnd.dece.pd','Ipsa placeat debitis accusamus quis molestias in enim. Voluptates aut suscipit eum. Aspernatur ut distinctio officiis quos dolores. Est voluptatem totam dolor consequatur et ut.','2017-03-26 11:47:12','2020-10-01 19:17:37'),(94,99,'application/x-7z-compressed','Cumque consequatur minima earum rem provident quis quas. Quam consequatur eaque a. Voluptas qui ratione ad deleniti repellat consectetur labore.','2016-03-05 15:15:25','2020-10-01 19:17:37'),(95,89,'application/vnd.dece.unspecified','Doloribus accusantium voluptate incidunt possimus optio. Repudiandae aliquam minus accusamus est. Officiis quia sunt libero eos eum tenetur commodi. Qui recusandae dolorem omnis rem ut aspernatur.','2019-02-20 23:08:11','2020-10-01 19:17:37'),(96,49,'text/x-opml','Velit consequatur reprehenderit ut voluptates quis quos. Eum exercitationem voluptate omnis atque odio aut commodi nisi. Quae id nam quisquam minima debitis.','2018-07-11 20:45:00','2020-10-01 19:17:37'),(97,76,'application/vnd.kde.kformula','Sapiente consequatur aspernatur dignissimos magni iure tempore ut. Doloribus veniam maiores quo nihil odit sunt dolore.','2018-11-19 04:19:41','2020-10-01 19:17:37'),(98,33,'application/vnd.trid.tpt','Voluptas velit hic perferendis sed. Fugit eaque omnis rerum. Adipisci inventore ea placeat. Excepturi quasi vel ex deserunt inventore. Quaerat iste commodi asperiores adipisci quae ipsum.','2014-05-07 01:19:14','2020-10-01 19:17:37'),(99,36,'application/vnd.openxmlformats-officedocument.spreadsheetml.template','Dolorem voluptas quia voluptatibus magnam cumque. Ea aut aut accusamus. Quae et iure enim quos doloribus placeat eius ut.','2020-07-13 13:29:40','2020-10-01 19:17:37'),(100,82,'video/x-ms-wmv','Esse odio suscipit nihil. Sed ut quis voluptates et et vel. Delectus explicabo alias totam porro dolore sed officia. Ut quia qui aut beatae eos porro quia.','2016-11-05 20:32:23','2020-10-01 19:17:37');
/*!40000 ALTER TABLE `webinars` ENABLE KEYS */;
UNLOCK TABLES;
/*!40103 SET TIME_ZONE=@OLD_TIME_ZONE */;

/*!40101 SET SQL_MODE=@OLD_SQL_MODE */;
/*!40014 SET FOREIGN_KEY_CHECKS=@OLD_FOREIGN_KEY_CHECKS */;
/*!40014 SET UNIQUE_CHECKS=@OLD_UNIQUE_CHECKS */;
/*!40101 SET CHARACTER_SET_CLIENT=@OLD_CHARACTER_SET_CLIENT */;
/*!40101 SET CHARACTER_SET_RESULTS=@OLD_CHARACTER_SET_RESULTS */;
/*!40101 SET COLLATION_CONNECTION=@OLD_COLLATION_CONNECTION */;
/*!40111 SET SQL_NOTES=@OLD_SQL_NOTES */;

-- Dump completed on 2020-10-02 14:26:24
